Date,Low,Open,Volume,High,Close,Adjusted Close
30-10-2014,16.8799991607666,19.0,6884200,19.5,17.450000762939453,17.450000762939453
31-10-2014,17.65999984741211,17.790000915527344,429100,18.139999389648438,17.75,17.75
03-11-2014,17.5,17.559999465942383,112000,17.700000762939453,17.559999465942383,17.559999465942383
04-11-2014,17.09000015258789,17.75,187700,17.75,17.3799991607666,17.3799991607666
05-11-2014,16.90999984741211,17.139999389648438,361400,17.56999969482422,17.040000915527344,17.040000915527344
06-11-2014,17.0,17.0,440300,17.440000534057617,17.25,17.25
07-11-2014,17.059999465942383,17.170000076293945,56600,17.270000457763672,17.219999313354492,17.219999313354492
10-11-2014,17.149999618530273,17.520000457763672,157800,18.190000534057617,18.0,18.0
11-11-2014,18.040000915527344,18.139999389648438,125100,18.989999771118164,18.780000686645508,18.780000686645508
12-11-2014,18.273000717163086,18.850000381469727,122200,18.975000381469727,18.860000610351562,18.860000610351562
13-11-2014,18.510000228881836,18.639999389648438,99800,19.549999237060547,19.260000228881836,19.260000228881836
14-11-2014,19.0,19.0,73900,20.0,20.0,20.0
17-11-2014,19.381999969482422,19.950000762939453,98500,20.450000762939453,20.190000534057617,20.190000534057617
18-11-2014,19.360000610351562,20.200000762939453,108200,20.200000762939453,19.649999618530273,19.649999618530273
19-11-2014,19.399999618530273,19.649999618530273,111100,20.149999618530273,19.739999771118164,19.739999771118164
20-11-2014,19.68000030517578,20.0,83500,20.399999618530273,20.280000686645508,20.280000686645508
21-11-2014,19.799999237060547,20.450000762939453,147800,20.829999923706055,20.0,20.0
24-11-2014,19.5,20.209999084472656,190600,20.739999771118164,20.649999618530273,20.649999618530273
25-11-2014,20.75,20.790000915527344,175700,21.649999618530273,21.3700008392334,21.3700008392334
26-11-2014,21.110000610351562,21.389999389648438,129200,21.899999618530273,21.479999542236328,21.479999542236328
28-11-2014,21.24799919128418,21.709999084472656,69100,21.889999389648438,21.600000381469727,21.600000381469727
01-12-2014,20.770000457763672,21.979999542236328,122500,22.100000381469727,20.899999618530273,20.899999618530273
02-12-2014,20.75,20.760000228881836,123100,21.860000610351562,20.979999542236328,20.979999542236328
03-12-2014,20.75,20.760000228881836,118100,22.09000015258789,22.079999923706055,22.079999923706055
04-12-2014,21.381000518798828,22.0,94400,22.309999465942383,22.170000076293945,22.170000076293945
05-12-2014,21.591999053955078,22.3700008392334,96400,22.3700008392334,22.200000762939453,22.200000762939453
08-12-2014,21.834999084472656,22.0,128300,23.1200008392334,22.09000015258789,22.09000015258789
09-12-2014,21.40999984741211,22.280000686645508,101800,22.280000686645508,21.610000610351562,21.610000610351562
10-12-2014,20.600000381469727,21.969999313354492,97100,22.100000381469727,21.920000076293945,21.920000076293945
11-12-2014,20.059999465942383,21.8700008392334,140700,22.639999389648438,20.989999771118164,20.989999771118164
12-12-2014,20.617000579833984,21.139999389648438,74800,21.479999542236328,20.8799991607666,20.8799991607666
15-12-2014,20.34000015258789,21.020000457763672,281200,21.479999542236328,20.420000076293945,20.420000076293945
16-12-2014,19.510000228881836,20.520000457763672,196600,21.05500030517578,19.790000915527344,19.790000915527344
17-12-2014,18.799999237060547,19.600000381469727,217100,20.450000762939453,19.18000030517578,19.18000030517578
18-12-2014,18.135000228881836,19.229999542236328,228800,19.440000534057617,18.799999237060547,18.799999237060547
19-12-2014,18.200000762939453,18.709999084472656,761700,20.450000762939453,19.559999465942383,19.559999465942383
22-12-2014,18.81999969482422,19.649999618530273,190100,20.170000076293945,19.200000762939453,19.200000762939453
23-12-2014,18.360000610351562,19.200000762939453,209400,19.575000762939453,19.299999237060547,19.299999237060547
24-12-2014,18.510000228881836,19.209999084472656,213100,19.225000381469727,18.700000762939453,18.700000762939453
26-12-2014,18.399999618530273,18.799999237060547,106300,19.020000457763672,18.420000076293945,18.420000076293945
29-12-2014,18.18000030517578,18.34000015258789,263900,19.040000915527344,18.350000381469727,18.350000381469727
30-12-2014,17.889999389648438,18.329999923706055,319400,18.700000762939453,18.299999237060547,18.299999237060547
31-12-2014,17.90999984741211,18.3799991607666,399600,18.860000610351562,18.200000762939453,18.200000762939453
02-01-2015,17.940000534057617,18.149999618530273,172100,18.790000915527344,17.940000534057617,17.940000534057617
05-01-2015,17.549999237060547,17.860000610351562,179300,19.43000030517578,18.0,18.0
06-01-2015,17.649999618530273,18.100000381469727,127100,18.639999389648438,18.290000915527344,18.290000915527344
07-01-2015,18.170000076293945,18.229999542236328,166000,18.889999389648438,18.540000915527344,18.540000915527344
08-01-2015,18.559999465942383,18.559999465942383,315600,19.469999313354492,19.299999237060547,19.299999237060547
09-01-2015,19.6299991607666,19.979999542236328,254200,20.3700008392334,19.709999084472656,19.709999084472656
12-01-2015,19.729999542236328,19.829999923706055,339500,22.0,20.950000762939453,20.950000762939453
13-01-2015,20.059999465942383,21.049999237060547,110300,21.649999618530273,20.479999542236328,20.479999542236328
14-01-2015,20.030000686645508,20.389999389648438,129700,20.700000762939453,20.549999237060547,20.549999237060547
15-01-2015,19.280000686645508,20.459999084472656,125500,20.93000030517578,19.34000015258789,19.34000015258789
16-01-2015,18.709999084472656,19.360000610351562,307500,19.549999237060547,19.139999389648438,19.139999389648438
20-01-2015,18.18000030517578,19.219999313354492,102400,19.243000030517578,18.200000762939453,18.200000762939453
21-01-2015,18.149999618530273,18.339000701904297,248600,18.6200008392334,18.559999465942383,18.559999465942383
22-01-2015,18.40999984741211,18.579999923706055,173800,19.110000610351562,19.010000228881836,19.010000228881836
23-01-2015,18.75,19.09000015258789,185400,19.420000076293945,19.31999969482422,19.31999969482422
26-01-2015,18.700000762939453,19.420000076293945,119200,19.43000030517578,19.299999237060547,19.299999237060547
27-01-2015,19.034000396728516,19.209999084472656,123100,19.399999618530273,19.329999923706055,19.329999923706055
28-01-2015,19.110000610351562,19.170000076293945,108900,19.549999237060547,19.329999923706055,19.329999923706055
29-01-2015,19.06999969482422,19.239999771118164,81000,19.610000610351562,19.59000015258789,19.59000015258789
30-01-2015,19.305999755859375,19.399999618530273,340400,20.600000381469727,20.18000030517578,20.18000030517578
02-02-2015,20.54599952697754,21.459999084472656,463800,21.809999465942383,21.670000076293945,21.670000076293945
03-02-2015,21.360000610351562,21.81999969482422,194800,22.329999923706055,21.3799991607666,21.3799991607666
04-02-2015,21.06999969482422,21.559999465942383,240000,21.920000076293945,21.739999771118164,21.739999771118164
05-02-2015,22.364999771118164,22.760000228881836,680600,23.950000762939453,23.8700008392334,23.8700008392334
06-02-2015,23.579999923706055,23.950000762939453,290000,25.099000930786133,24.34000015258789,24.34000015258789
09-02-2015,24.139999389648438,24.139999389648438,176200,24.975000381469727,24.459999084472656,24.459999084472656
10-02-2015,23.700000762939453,24.809999465942383,224700,24.84000015258789,24.610000610351562,24.610000610351562
11-02-2015,23.389999389648438,24.770000457763672,250200,24.770000457763672,23.639999389648438,23.639999389648438
12-02-2015,22.84000015258789,23.670000076293945,170300,24.450000762939453,23.559999465942383,23.559999465942383
13-02-2015,22.719999313354492,23.479999542236328,152500,23.90999984741211,23.040000915527344,23.040000915527344
17-02-2015,21.799999237060547,22.81999969482422,223000,22.979999542236328,22.239999771118164,22.239999771118164
18-02-2015,22.059999465942383,22.110000610351562,115800,22.610000610351562,22.600000381469727,22.600000381469727
19-02-2015,22.6299991607666,22.670000076293945,143300,23.5,23.06999969482422,23.06999969482422
20-02-2015,22.184999465942383,22.899999618530273,205600,23.030000686645508,22.3700008392334,22.3700008392334
23-02-2015,21.899999618530273,22.209999084472656,204800,22.360000610351562,22.270000457763672,22.270000457763672
24-02-2015,21.420000076293945,22.06999969482422,303500,23.09000015258789,23.020000457763672,23.020000457763672
25-02-2015,22.915000915527344,23.200000762939453,392300,24.09000015258789,24.040000915527344,24.040000915527344
26-02-2015,23.040000915527344,24.25,6872300,24.5,23.149999618530273,23.149999618530273
27-02-2015,23.260000228881836,23.260000228881836,742500,24.899999618530273,24.610000610351562,24.610000610351562
02-03-2015,24.329999923706055,24.610000610351562,270700,25.1299991607666,24.56999969482422,24.56999969482422
03-03-2015,24.170000076293945,24.540000915527344,284100,24.829999923706055,24.350000381469727,24.350000381469727
04-03-2015,23.969999313354492,24.299999237060547,253500,25.09000015258789,24.809999465942383,24.809999465942383
05-03-2015,24.479999542236328,24.8700008392334,177300,25.110000610351562,24.799999237060547,24.799999237060547
06-03-2015,23.729999542236328,24.899999618530273,393300,25.25,23.790000915527344,23.790000915527344
09-03-2015,23.81999969482422,23.81999969482422,345400,24.440000534057617,24.270000457763672,24.270000457763672
10-03-2015,23.961999893188477,24.469999313354492,252700,24.84000015258789,24.739999771118164,24.739999771118164
11-03-2015,23.989999771118164,24.81999969482422,215400,24.93000030517578,24.139999389648438,24.139999389648438
12-03-2015,24.125,24.200000762939453,220100,24.739999771118164,24.350000381469727,24.350000381469727
13-03-2015,23.75,24.309999465942383,230900,24.639999389648438,23.979999542236328,23.979999542236328
16-03-2015,23.760000228881836,24.1200008392334,204700,24.43000030517578,23.940000534057617,23.940000534057617
17-03-2015,24.020000457763672,24.059999465942383,244100,24.760000228881836,24.700000762939453,24.700000762939453
18-03-2015,24.040000915527344,24.790000915527344,145500,24.92300033569336,24.559999465942383,24.559999465942383
19-03-2015,24.579999923706055,24.6200008392334,249900,25.899999618530273,25.489999771118164,25.489999771118164
20-03-2015,25.1299991607666,25.549999237060547,315100,25.59000015258789,25.5,25.5
23-03-2015,24.149999618530273,25.25,240000,25.950000762939453,24.280000686645508,24.280000686645508
24-03-2015,24.18000030517578,24.260000228881836,280700,25.40999984741211,24.860000610351562,24.860000610351562
25-03-2015,23.860000610351562,24.75,304000,25.239999771118164,24.020000457763672,24.020000457763672
26-03-2015,22.829999923706055,24.030000686645508,404700,24.239999771118164,23.6299991607666,23.6299991607666
27-03-2015,22.8799991607666,23.670000076293945,249500,23.899999618530273,23.209999084472656,23.209999084472656
30-03-2015,23.0,23.309999465942383,290600,23.780000686645508,23.709999084472656,23.709999084472656
31-03-2015,23.450000762939453,23.780000686645508,209100,24.489999771118164,23.920000076293945,23.920000076293945
01-04-2015,23.739999771118164,24.020000457763672,250000,24.368000030517578,23.8799991607666,23.8799991607666
02-04-2015,23.6299991607666,23.93000030517578,148800,24.0,23.950000762939453,23.950000762939453
06-04-2015,23.389999389648438,23.8799991607666,161400,24.059999465942383,23.709999084472656,23.709999084472656
07-04-2015,23.649999618530273,23.649999618530273,121600,24.010000228881836,23.770000457763672,23.770000457763672
08-04-2015,23.790000915527344,23.790000915527344,175000,24.200000762939453,24.059999465942383,24.059999465942383
09-04-2015,24.1200008392334,24.1200008392334,236700,24.75,24.489999771118164,24.489999771118164
10-04-2015,24.399999618530273,24.6200008392334,94300,24.6200008392334,24.489999771118164,24.489999771118164
13-04-2015,24.389999389648438,24.489999771118164,79000,24.628000259399414,24.549999237060547,24.549999237060547
14-04-2015,24.549999237060547,24.639999389648438,170100,25.100000381469727,25.0,25.0
15-04-2015,24.920000076293945,25.030000686645508,219500,26.100000381469727,25.760000228881836,25.760000228881836
16-04-2015,25.424999237060547,25.790000915527344,153100,26.09000015258789,25.549999237060547,25.549999237060547
17-04-2015,24.079999923706055,25.3700008392334,179000,25.469999313354492,24.09000015258789,24.09000015258789
20-04-2015,23.790000915527344,24.190000534057617,132000,24.56999969482422,24.440000534057617,24.440000534057617
21-04-2015,24.06999969482422,24.540000915527344,130200,24.540000915527344,24.329999923706055,24.329999923706055
22-04-2015,24.020000457763672,24.3700008392334,140800,24.55500030517578,24.389999389648438,24.389999389648438
23-04-2015,24.31999969482422,24.399999618530273,225100,26.030000686645508,25.450000762939453,25.450000762939453
24-04-2015,25.172000885009766,25.56999969482422,127600,25.639999389648438,25.59000015258789,25.59000015258789
27-04-2015,25.530000686645508,25.690000534057617,203000,26.18000030517578,25.790000915527344,25.790000915527344
28-04-2015,25.304000854492188,25.809999465942383,134500,25.899999618530273,25.68000030517578,25.68000030517578
29-04-2015,25.190000534057617,25.559999465942383,193300,25.840999603271484,25.610000610351562,25.610000610351562
30-04-2015,24.270000457763672,25.59000015258789,230600,25.625,24.81999969482422,24.81999969482422
01-05-2015,24.3799991607666,24.940000534057617,140900,25.06999969482422,24.549999237060547,24.549999237060547
04-05-2015,24.440000534057617,24.65999984741211,176400,25.1200008392334,24.729999542236328,24.729999542236328
05-05-2015,23.219999313354492,24.6200008392334,210400,24.704999923706055,23.3799991607666,23.3799991607666
06-05-2015,23.280000686645508,23.450000762939453,154800,24.260000228881836,24.020000457763672,24.020000457763672
07-05-2015,23.719999313354492,24.030000686645508,226300,25.079999923706055,24.299999237060547,24.299999237060547
08-05-2015,23.920000076293945,24.510000228881836,77000,24.510000228881836,24.010000228881836,24.010000228881836
11-05-2015,23.850000381469727,23.940000534057617,44800,24.420000076293945,24.059999465942383,24.059999465942383
12-05-2015,23.389999389648438,24.0,86600,24.209999084472656,24.149999618530273,24.149999618530273
13-05-2015,23.739999771118164,24.270000457763672,172400,24.579999923706055,24.56999969482422,24.56999969482422
14-05-2015,24.020000457763672,24.649999618530273,128000,24.860000610351562,24.420000076293945,24.420000076293945
15-05-2015,23.200000762939453,24.469999313354492,168200,24.510000228881836,23.510000228881836,23.510000228881836
18-05-2015,23.450000762939453,23.450000762939453,174300,23.940000534057617,23.760000228881836,23.760000228881836
19-05-2015,23.299999237060547,23.899999618530273,145700,24.079999923706055,23.899999618530273,23.899999618530273
20-05-2015,23.549999237060547,23.90999984741211,99700,23.90999984741211,23.75,23.75
21-05-2015,23.399999618530273,23.790000915527344,135200,23.979999542236328,23.40999984741211,23.40999984741211
22-05-2015,23.1299991607666,23.5,126800,23.579999923706055,23.15999984741211,23.15999984741211
26-05-2015,22.110000610351562,23.059999465942383,359100,23.1200008392334,22.309999465942383,22.309999465942383
27-05-2015,21.799999237060547,22.260000228881836,365100,23.361000061035156,23.040000915527344,23.040000915527344
28-05-2015,22.65999984741211,22.809999465942383,387700,23.170000076293945,22.75,22.75
29-05-2015,23.06999969482422,24.5,994400,25.0,24.459999084472656,24.459999084472656
01-06-2015,24.670000076293945,25.049999237060547,1062100,27.68000030517578,27.059999465942383,27.059999465942383
02-06-2015,26.739999771118164,27.1299991607666,518100,27.5,26.93000030517578,26.93000030517578
03-06-2015,25.65999984741211,26.889999389648438,540900,27.25,25.739999771118164,25.739999771118164
04-06-2015,25.0,25.639999389648438,346400,26.059999465942383,25.8799991607666,25.8799991607666
05-06-2015,25.8700008392334,25.940000534057617,991800,29.0,28.760000228881836,28.760000228881836
08-06-2015,28.239999771118164,28.610000610351562,510200,29.049999237060547,28.6200008392334,28.6200008392334
09-06-2015,28.350000381469727,28.56999969482422,260900,28.93000030517578,28.81999969482422,28.81999969482422
10-06-2015,28.360000610351562,28.780000686645508,241600,29.270000457763672,28.959999084472656,28.959999084472656
11-06-2015,28.719999313354492,28.969999313354492,262800,29.420000076293945,28.829999923706055,28.829999923706055
12-06-2015,28.3799991607666,28.790000915527344,266600,29.1200008392334,28.90999984741211,28.90999984741211
15-06-2015,28.68000030517578,28.969999313354492,601700,30.530000686645508,30.360000610351562,30.360000610351562
16-06-2015,29.860000610351562,30.479999542236328,326700,30.809999465942383,30.56999969482422,30.56999969482422
17-06-2015,30.270000457763672,30.65999984741211,280100,31.200000762939453,30.799999237060547,30.799999237060547
18-06-2015,30.690000534057617,30.799999237060547,170800,31.420000076293945,31.040000915527344,31.040000915527344
19-06-2015,30.920000076293945,31.18000030517578,359100,31.540000915527344,30.93000030517578,30.93000030517578
22-06-2015,30.309999465942383,31.31999969482422,246700,31.389999389648438,31.219999313354492,31.219999313354492
23-06-2015,30.469999313354492,31.34000015258789,161100,31.5,30.829999923706055,30.829999923706055
24-06-2015,30.719999313354492,30.739999771118164,123400,31.200000762939453,30.969999313354492,30.969999313354492
25-06-2015,30.360000610351562,31.010000228881836,178500,31.229999542236328,31.1200008392334,31.1200008392334
26-06-2015,30.809999465942383,31.209999084472656,607500,31.59000015258789,31.049999237060547,31.049999237060547
29-06-2015,29.920000076293945,30.809999465942383,98900,31.0,30.049999237060547,30.049999237060547
30-06-2015,30.10300064086914,30.829999923706055,524100,32.56999969482422,32.0,32.0
01-07-2015,31.549999237060547,31.959999084472656,282200,32.380001068115234,32.16999816894531,32.16999816894531
02-07-2015,31.68000030517578,32.7599983215332,336100,32.7599983215332,32.349998474121094,32.349998474121094
06-07-2015,31.600000381469727,32.0,213500,32.189998626708984,32.02000045776367,32.02000045776367
07-07-2015,31.299999237060547,31.84000015258789,246100,32.43000030517578,32.310001373291016,32.310001373291016
08-07-2015,31.84000015258789,32.029998779296875,225900,32.42499923706055,32.279998779296875,32.279998779296875
09-07-2015,32.220001220703125,32.720001220703125,206700,33.16999816894531,33.040000915527344,33.040000915527344
10-07-2015,32.2599983215332,33.27000045776367,314900,33.27000045776367,33.150001525878906,33.150001525878906
13-07-2015,32.970001220703125,33.27000045776367,192500,33.54999923706055,33.279998779296875,33.279998779296875
14-07-2015,33.11000061035156,33.15999984741211,180900,33.61000061035156,33.540000915527344,33.540000915527344
15-07-2015,33.02000045776367,33.560001373291016,227900,33.81800079345703,33.439998626708984,33.439998626708984
16-07-2015,33.25,33.5,201800,34.0,33.630001068115234,33.630001068115234
17-07-2015,33.41999816894531,33.65999984741211,122300,34.43199920654297,33.91999816894531,33.91999816894531
20-07-2015,33.040000915527344,33.90999984741211,278700,34.400001525878906,33.9900016784668,33.9900016784668
21-07-2015,32.86000061035156,34.09000015258789,144400,34.09000015258789,33.41999816894531,33.41999816894531
22-07-2015,32.66999816894531,33.2599983215332,219900,33.70000076293945,32.779998779296875,32.779998779296875
23-07-2015,32.0,32.86000061035156,184500,33.0099983215332,32.0099983215332,32.0099983215332
24-07-2015,30.139999389648438,31.93000030517578,279800,31.940000534057617,30.829999923706055,30.829999923706055
27-07-2015,30.209999084472656,30.530000686645508,197100,31.760000228881836,31.440000534057617,31.440000534057617
28-07-2015,30.600000381469727,31.690000534057617,264600,32.4900016784668,31.899999618530273,31.899999618530273
29-07-2015,31.489999771118164,31.790000915527344,111600,31.969999313354492,31.549999237060547,31.549999237060547
30-07-2015,30.860000610351562,31.170000076293945,288100,31.790000915527344,31.600000381469727,31.600000381469727
31-07-2015,31.0,31.0,299200,32.27000045776367,31.600000381469727,31.600000381469727
03-08-2015,31.700000762939453,31.729999542236328,229900,32.720001220703125,32.560001373291016,32.560001373291016
04-08-2015,32.380001068115234,32.5099983215332,389000,33.38999938964844,33.150001525878906,33.150001525878906
05-08-2015,26.0,26.31999969482422,2530200,27.75,27.389999389648438,27.389999389648438
06-08-2015,26.200000762939453,27.260000228881836,319500,27.780000686645508,26.56999969482422,26.56999969482422
07-08-2015,26.049999237060547,26.280000686645508,383100,26.700000762939453,26.43000030517578,26.43000030517578
10-08-2015,26.049999237060547,26.510000228881836,345500,27.020000457763672,26.1299991607666,26.1299991607666
11-08-2015,25.6200008392334,26.110000610351562,532100,26.738000869750977,26.450000762939453,26.450000762939453
12-08-2015,25.052000045776367,26.43000030517578,576200,26.582000732421875,25.959999084472656,25.959999084472656
13-08-2015,25.920000076293945,26.030000686645508,364000,26.469999313354492,25.950000762939453,25.950000762939453
14-08-2015,24.90999984741211,25.90999984741211,312700,26.149999618530273,25.239999771118164,25.239999771118164
17-08-2015,24.729999542236328,25.110000610351562,356900,25.440000534057617,25.149999618530273,25.149999618530273
18-08-2015,24.56999969482422,25.010000228881836,455000,25.209999084472656,24.729999542236328,24.729999542236328
19-08-2015,24.270000457763672,24.739999771118164,260800,24.959999084472656,24.290000915527344,24.290000915527344
20-08-2015,23.489999771118164,24.079999923706055,263000,24.31999969482422,23.520000457763672,23.520000457763672
21-08-2015,21.25,23.149999618530273,763200,23.420000076293945,21.68000030517578,21.68000030517578
24-08-2015,19.18000030517578,20.209999084472656,652000,20.979999542236328,20.860000610351562,20.860000610351562
25-08-2015,20.3700008392334,21.260000228881836,556200,21.530000686645508,20.3700008392334,20.3700008392334
26-08-2015,20.309999465942383,20.729999542236328,516600,21.229999542236328,20.969999313354492,20.969999313354492
27-08-2015,20.520000457763672,21.309999465942383,284500,21.309999465942383,20.950000762939453,20.950000762939453
28-08-2015,20.90999984741211,21.079999923706055,292500,21.520000457763672,21.1299991607666,21.1299991607666
31-08-2015,20.889999389648438,21.1200008392334,259200,21.90999984741211,21.84000015258789,21.84000015258789
01-09-2015,21.09000015258789,21.360000610351562,179500,21.59000015258789,21.280000686645508,21.280000686645508
02-09-2015,20.950000762939453,21.56999969482422,373300,21.75,21.170000076293945,21.170000076293945
03-09-2015,21.260000228881836,21.260000228881836,315400,22.170000076293945,22.06999969482422,22.06999969482422
04-09-2015,21.520000457763672,21.81999969482422,236800,22.149999618530273,21.770000457763672,21.770000457763672
08-09-2015,21.770000457763672,22.100000381469727,240200,22.389999389648438,22.309999465942383,22.309999465942383
09-09-2015,22.0,22.639999389648438,328700,22.639999389648438,22.079999923706055,22.079999923706055
10-09-2015,21.479999542236328,22.040000915527344,355600,22.190000534057617,21.579999923706055,21.579999923706055
11-09-2015,20.93000030517578,21.530000686645508,276500,21.559999465942383,21.440000534057617,21.440000534057617
14-09-2015,21.405000686645508,21.520000457763672,260600,22.03499984741211,21.6299991607666,21.6299991607666
15-09-2015,21.06999969482422,21.649999618530273,286200,21.719999313354492,21.670000076293945,21.670000076293945
16-09-2015,21.399999618530273,21.75,190700,22.239999771118164,22.049999237060547,22.049999237060547
17-09-2015,21.729999542236328,22.110000610351562,236500,22.3799991607666,22.030000686645508,22.030000686645508
18-09-2015,20.31999969482422,21.780000686645508,630300,22.100000381469727,20.760000228881836,20.760000228881836
21-09-2015,19.440000534057617,20.920000076293945,536700,21.170000076293945,19.469999313354492,19.469999313354492
22-09-2015,19.260000228881836,19.40999984741211,244700,20.0,19.899999618530273,19.899999618530273
23-09-2015,19.31999969482422,20.0,232800,20.110000610351562,19.559999465942383,19.559999465942383
24-09-2015,18.559999465942383,19.520000457763672,439800,19.559999465942383,18.829999923706055,18.829999923706055
25-09-2015,17.549999237060547,19.010000228881836,563000,19.010000228881836,17.709999084472656,17.709999084472656
28-09-2015,17.049999237060547,17.709999084472656,377800,17.81999969482422,17.670000076293945,17.670000076293945
29-09-2015,17.600000381469727,17.75,318500,18.59000015258789,18.079999923706055,18.079999923706055
30-09-2015,17.829999923706055,18.270000457763672,312600,18.510000228881836,18.43000030517578,18.43000030517578
01-10-2015,17.690000534057617,18.59000015258789,219000,18.739999771118164,17.989999771118164,17.989999771118164
02-10-2015,17.549999237060547,17.829999923706055,257400,18.09000015258789,18.059999465942383,18.059999465942383
05-10-2015,18.079999923706055,18.110000610351562,173800,18.424999237060547,18.290000915527344,18.290000915527344
06-10-2015,18.040000915527344,18.229999542236328,225100,18.5,18.40999984741211,18.40999984741211
07-10-2015,17.56999969482422,18.25,377700,18.5049991607666,17.979999542236328,17.979999542236328
08-10-2015,17.479999542236328,17.850000381469727,233200,18.260000228881836,17.829999923706055,17.829999923706055
09-10-2015,17.100000381469727,17.670000076293945,501600,17.700000762939453,17.440000534057617,17.440000534057617
12-10-2015,17.114999771118164,17.469999313354492,217000,17.670000076293945,17.260000228881836,17.260000228881836
13-10-2015,16.899999618530273,17.260000228881836,319400,17.969999313354492,17.299999237060547,17.299999237060547
14-10-2015,17.079999923706055,17.31999969482422,199000,17.549999237060547,17.31999969482422,17.31999969482422
15-10-2015,17.040000915527344,17.31999969482422,168000,17.756000518798828,17.5,17.5
16-10-2015,17.43000030517578,17.56999969482422,163300,17.920000076293945,17.75,17.75
19-10-2015,17.670000076293945,17.739999771118164,256500,18.25,17.920000076293945,17.920000076293945
20-10-2015,17.5,17.8700008392334,998300,18.219999313354492,17.790000915527344,17.790000915527344
21-10-2015,17.329999923706055,17.799999237060547,159500,17.965999603271484,17.399999618530273,17.399999618530273
22-10-2015,17.110000610351562,17.43000030517578,186700,17.709999084472656,17.25,17.25
23-10-2015,14.619999885559082,17.290000915527344,735000,17.851999282836914,14.6899995803833,14.6899995803833
26-10-2015,13.59000015258789,14.420000076293945,658600,14.539999961853027,14.050000190734863,14.050000190734863
27-10-2015,13.880000114440918,13.989999771118164,403900,14.59000015258789,14.399999618530273,14.399999618530273
28-10-2015,14.369999885559082,14.399999618530273,411200,15.34000015258789,14.970000267028809,14.970000267028809
29-10-2015,14.739999771118164,14.970000267028809,250000,15.289999961853027,14.90999984741211,14.90999984741211
30-10-2015,14.670000076293945,14.899999618530273,338100,15.359999656677246,15.0,15.0
02-11-2015,14.699999809265137,14.970000267028809,332000,15.399999618530273,15.25,15.25
03-11-2015,15.210000038146973,15.25,626100,17.1200008392334,16.81999969482422,16.81999969482422
04-11-2015,15.390000343322754,16.520000457763672,693500,16.56999969482422,15.890000343322754,15.890000343322754
05-11-2015,15.619999885559082,15.970000267028809,345100,16.1299991607666,15.989999771118164,15.989999771118164
06-11-2015,15.380000114440918,16.0,393000,16.34000015258789,15.789999961853027,15.789999961853027
09-11-2015,14.270000457763672,15.520000457763672,548600,15.6899995803833,14.460000038146973,14.460000038146973
10-11-2015,13.680000305175781,14.359999656677246,938200,15.0,14.819999694824219,14.819999694824219
11-11-2015,11.520000457763672,12.300000190734863,3692900,13.5,12.050000190734863,12.050000190734863
12-11-2015,10.300000190734863,11.869999885559082,2000200,11.880000114440918,11.039999961853027,11.039999961853027
13-11-2015,10.180000305175781,10.729999542236328,953800,11.050000190734863,11.029999732971191,11.029999732971191
16-11-2015,9.720000267028809,10.960000038146973,1018100,10.960000038146973,9.869999885559082,9.869999885559082
17-11-2015,9.109999656677246,10.0600004196167,998300,10.199999809265137,9.300000190734863,9.300000190734863
18-11-2015,9.34000015258789,9.420000076293945,818100,11.0,10.920000076293945,10.920000076293945
19-11-2015,9.699999809265137,10.65999984741211,932200,10.65999984741211,10.260000228881836,10.260000228881836
20-11-2015,10.329999923706055,10.40999984741211,398600,10.770000457763672,10.649999618530273,10.649999618530273
23-11-2015,10.3100004196167,10.539999961853027,334200,10.8100004196167,10.529999732971191,10.529999732971191
24-11-2015,10.289999961853027,10.359999656677246,249500,10.8100004196167,10.630000114440918,10.630000114440918
25-11-2015,10.680000305175781,10.680000305175781,441900,11.75,11.359999656677246,11.359999656677246
27-11-2015,11.100000381469727,11.359999656677246,99000,11.470000267028809,11.220000267028809,11.220000267028809
30-11-2015,10.460000038146973,11.15999984741211,387200,11.239999771118164,10.5,10.5
01-12-2015,10.149999618530273,10.680000305175781,322600,10.680000305175781,10.4399995803833,10.4399995803833
02-12-2015,10.489999771118164,10.529999732971191,361500,11.34000015258789,11.260000228881836,11.260000228881836
03-12-2015,10.699999809265137,11.220000267028809,353400,11.65999984741211,10.890000343322754,10.890000343322754
04-12-2015,10.760000228881836,10.90999984741211,363300,11.729999542236328,11.710000038146973,11.710000038146973
07-12-2015,11.399999618530273,11.649999618530273,236400,11.949999809265137,11.680000305175781,11.680000305175781
08-12-2015,11.350000381469727,11.5600004196167,260200,11.609999656677246,11.520000457763672,11.520000457763672
09-12-2015,11.380000114440918,11.420000076293945,245000,12.039999961853027,11.960000038146973,11.960000038146973
10-12-2015,11.789999961853027,11.920000076293945,205200,12.149999618530273,12.0600004196167,12.0600004196167
11-12-2015,11.850000381469727,11.899999618530273,264200,12.430000305175781,12.369999885559082,12.369999885559082
14-12-2015,12.239999771118164,12.380000114440918,329900,12.8100004196167,12.3100004196167,12.3100004196167
15-12-2015,12.319999694824219,12.460000038146973,480500,12.6899995803833,12.4399995803833,12.4399995803833
16-12-2015,12.329999923706055,12.470000267028809,368000,13.399999618530273,12.949999809265137,12.949999809265137
17-12-2015,11.600000381469727,12.960000038146973,474100,12.970000267028809,12.170000076293945,12.170000076293945
18-12-2015,12.039999961853027,12.170000076293945,450300,12.430000305175781,12.170000076293945,12.170000076293945
21-12-2015,12.039999961853027,12.25,346000,12.979999542236328,12.770000457763672,12.770000457763672
22-12-2015,12.579999923706055,12.800000190734863,417800,13.050000190734863,12.789999961853027,12.789999961853027
23-12-2015,12.5,12.880000114440918,227400,12.989999771118164,12.720000267028809,12.720000267028809
24-12-2015,12.399999618530273,12.710000038146973,80000,12.779999732971191,12.430000305175781,12.430000305175781
28-12-2015,11.989999771118164,12.319999694824219,162400,12.460000038146973,12.210000038146973,12.210000038146973
29-12-2015,11.930000305175781,12.3100004196167,282100,12.800000190734863,12.329999923706055,12.329999923706055
30-12-2015,12.180000305175781,12.220000267028809,192400,12.59000015258789,12.40999984741211,12.40999984741211
31-12-2015,12.210000038146973,12.350000381469727,202200,12.579999923706055,12.289999961853027,12.289999961853027
04-01-2016,11.899999618530273,11.989999771118164,399800,12.899999618530273,12.5,12.5
05-01-2016,11.680000305175781,12.600000381469727,603000,13.09000015258789,12.300000190734863,12.300000190734863
06-01-2016,10.789999961853027,12.09000015258789,560400,12.260000228881836,11.460000038146973,11.460000038146973
07-01-2016,10.970000267028809,11.1899995803833,563500,12.300000190734863,11.520000457763672,11.520000457763672
08-01-2016,10.180000305175781,11.460000038146973,500800,11.5,10.390000343322754,10.390000343322754
11-01-2016,10.265000343322754,10.460000038146973,257700,10.579999923706055,10.479999542236328,10.479999542236328
12-01-2016,7.550000190734863,10.020000457763672,2612100,10.5,8.069999694824219,8.069999694824219
13-01-2016,7.28000020980835,8.069999694824219,1367800,8.3100004196167,7.840000152587891,7.840000152587891
14-01-2016,7.360000133514404,7.840000152587891,738500,7.960000038146973,7.639999866485596,7.639999866485596
15-01-2016,6.909999847412109,7.460000038146973,631400,7.489999771118164,7.230000019073486,7.230000019073486
19-01-2016,6.59499979019165,7.239999771118164,626200,7.309999942779541,6.659999847412109,6.659999847412109
20-01-2016,5.800000190734863,6.5,1387100,6.510000228881836,6.03000020980835,6.03000020980835
21-01-2016,5.860000133514404,6.03000020980835,1136400,6.934999942779541,6.599999904632568,6.599999904632568
22-01-2016,6.409999847412109,6.71999979019165,579700,7.039999961853027,6.800000190734863,6.800000190734863
25-01-2016,6.389999866485596,6.739999771118164,480200,6.869999885559082,6.400000095367432,6.400000095367432
26-01-2016,6.409999847412109,6.480000019073486,463900,6.699999809265137,6.539999961853027,6.539999961853027
27-01-2016,6.190000057220459,6.460000038146973,492000,6.760000228881836,6.230000019073486,6.230000019073486
28-01-2016,6.050000190734863,6.409999847412109,542900,6.449999809265137,6.059999942779541,6.059999942779541
29-01-2016,5.880000114440918,6.079999923706055,732200,6.340000152587891,6.079999923706055,6.079999923706055
01-02-2016,5.869999885559082,6.059999942779541,935100,6.630000114440918,6.409999847412109,6.409999847412109
02-02-2016,5.199999809265137,6.269999980926514,2144300,6.389999866485596,5.53000020980835,5.53000020980835
03-02-2016,6.5,6.829999923706055,5449900,7.75,7.53000020980835,7.53000020980835
04-02-2016,7.079999923706055,7.429999828338623,2036800,8.569999694824219,7.920000076293945,7.920000076293945
05-02-2016,7.920000076293945,8.0,1268400,8.5,8.329999923706055,8.329999923706055
08-02-2016,7.75,8.140000343322754,1176700,8.630000114440918,8.520000457763672,8.520000457763672
09-02-2016,7.630000114440918,8.59000015258789,799500,8.59000015258789,8.300000190734863,8.300000190734863
10-02-2016,7.860000133514404,8.350000381469727,726100,8.774999618530273,7.869999885559082,7.869999885559082
11-02-2016,7.749000072479248,7.869999885559082,743700,8.479999542236328,8.350000381469727,8.350000381469727
12-02-2016,7.920000076293945,8.350000381469727,478100,8.489999771118164,8.210000038146973,8.210000038146973
16-02-2016,7.820000171661377,8.319999694824219,441800,8.510000228881836,8.479999542236328,8.479999542236328
17-02-2016,8.420000076293945,8.539999961853027,954500,9.130000114440918,9.069999694824219,9.069999694824219
18-02-2016,8.779999732971191,9.09000015258789,700400,9.470000267028809,9.34000015258789,9.34000015258789
19-02-2016,8.600000381469727,9.260000228881836,622700,9.529999732971191,8.779999732971191,8.779999732971191
22-02-2016,8.869999885559082,8.869999885559082,572900,9.520000457763672,9.260000228881836,9.260000228881836
23-02-2016,9.130000114440918,9.380000114440918,1816100,10.289999961853027,9.609999656677246,9.609999656677246
24-02-2016,9.039999961853027,9.420000076293945,266200,9.619999885559082,9.479999542236328,9.479999542236328
25-02-2016,9.140000343322754,9.520000457763672,242900,9.729999542236328,9.609999656677246,9.609999656677246
26-02-2016,9.3100004196167,9.670000076293945,236300,9.710000038146973,9.470000267028809,9.470000267028809
29-02-2016,9.319999694824219,9.460000038146973,374000,10.199999809265137,10.15999984741211,10.15999984741211
01-03-2016,9.789999961853027,10.119999885559082,310100,10.239999771118164,9.930000305175781,9.930000305175781
02-03-2016,9.75,10.029999732971191,191400,10.1899995803833,10.109999656677246,10.109999656677246
03-03-2016,9.619999885559082,10.119999885559082,368000,10.25,9.699999809265137,9.699999809265137
04-03-2016,9.640000343322754,9.640000343322754,549000,10.84000015258789,10.489999771118164,10.489999771118164
07-03-2016,10.399999618530273,10.479999542236328,631100,11.590999603271484,11.399999618530273,11.399999618530273
08-03-2016,10.75,11.449999809265137,489800,11.869999885559082,10.770000457763672,10.770000457763672
09-03-2016,10.229999542236328,10.819999694824219,321400,11.4399995803833,10.34000015258789,10.34000015258789
10-03-2016,10.050000190734863,10.369999885559082,213500,10.739999771118164,10.420000076293945,10.420000076293945
11-03-2016,10.239999771118164,10.539999961853027,236200,10.649999618530273,10.510000228881836,10.510000228881836
14-03-2016,9.6899995803833,10.5600004196167,264900,10.569999694824219,9.699999809265137,9.699999809265137
15-03-2016,8.850000381469727,9.699999809265137,670200,9.850000381469727,9.010000228881836,9.010000228881836
16-03-2016,8.949999809265137,8.979999542236328,325200,9.46500015258789,9.399999618530273,9.399999618530273
17-03-2016,9.359999656677246,9.449999809265137,239600,10.069999694824219,10.020000457763672,10.020000457763672
18-03-2016,9.789999961853027,10.09000015258789,319100,10.319999694824219,10.130000114440918,10.130000114440918
21-03-2016,9.960000038146973,10.079999923706055,313500,10.489999771118164,10.270000457763672,10.270000457763672
22-03-2016,9.550000190734863,10.15999984741211,310000,10.15999984741211,9.609999656677246,9.609999656677246
23-03-2016,8.729999542236328,9.550000190734863,335800,9.550000190734863,9.050000190734863,9.050000190734863
24-03-2016,9.0,9.0600004196167,246800,9.40999984741211,9.34000015258789,9.34000015258789
28-03-2016,9.199999809265137,9.40999984741211,197400,9.534000396728516,9.229999542236328,9.229999542236328
29-03-2016,9.0600004196167,9.239999771118164,265100,9.479999542236328,9.3100004196167,9.3100004196167
30-03-2016,9.229999542236328,9.380000114440918,282500,9.590999603271484,9.270000457763672,9.270000457763672
31-03-2016,9.210000038146973,9.3100004196167,405200,9.819999694824219,9.399999618530273,9.399999618530273
01-04-2016,9.229999542236328,9.270000457763672,276700,9.869999885559082,9.649999618530273,9.649999618530273
04-04-2016,9.460000038146973,9.6899995803833,466200,10.100000381469727,9.699999809265137,9.699999809265137
05-04-2016,8.989999771118164,9.619999885559082,587800,9.619999885559082,9.0,9.0
06-04-2016,8.600000381469727,9.029999732971191,865500,9.1899995803833,8.670000076293945,8.670000076293945
07-04-2016,7.929999828338623,8.699999809265137,789900,8.699999809265137,7.949999809265137,7.949999809265137
08-04-2016,6.489999771118164,7.440000057220459,1763300,7.449999809265137,6.75,6.75
11-04-2016,6.760000228881836,6.789999961853027,1020300,7.71999979019165,7.369999885559082,7.369999885559082
12-04-2016,7.0,7.389999866485596,486100,7.78000020980835,7.769999980926514,7.769999980926514
13-04-2016,7.710000038146973,7.75,592300,8.050000190734863,7.900000095367432,7.900000095367432
14-04-2016,7.739999771118164,7.929999828338623,345000,7.954999923706055,7.869999885559082,7.869999885559082
15-04-2016,7.840000152587891,7.840000152587891,185400,8.100000381469727,8.09000015258789,8.09000015258789
18-04-2016,7.980000019073486,8.069999694824219,303500,8.210000038146973,8.149999618530273,8.149999618530273
19-04-2016,8.100000381469727,8.25,384800,8.489999771118164,8.319999694824219,8.319999694824219
20-04-2016,8.229999542236328,8.289999961853027,165200,8.520000457763672,8.260000228881836,8.260000228881836
21-04-2016,8.25,8.359999656677246,397600,8.649999618530273,8.40999984741211,8.40999984741211
22-04-2016,8.350000381469727,8.390000343322754,267900,8.640000343322754,8.59000015258789,8.59000015258789
25-04-2016,7.96999979019165,8.579999923706055,296900,8.649999618530273,7.989999771118164,7.989999771118164
26-04-2016,8.024999618530273,8.050000190734863,209600,8.619999885559082,8.579999923706055,8.579999923706055
27-04-2016,8.359999656677246,8.529999732971191,108200,8.649999618530273,8.569999694824219,8.569999694824219
28-04-2016,8.390000343322754,8.470000267028809,174500,8.729999542236328,8.430000305175781,8.430000305175781
29-04-2016,8.010000228881836,8.489999771118164,145200,8.604999542236328,8.199999809265137,8.199999809265137
02-05-2016,8.0600004196167,8.279999732971191,173100,8.539999961853027,8.380000114440918,8.380000114440918
03-05-2016,7.849999904632568,8.3100004196167,194100,8.3100004196167,8.079999923706055,8.079999923706055
04-05-2016,7.900000095367432,8.010000228881836,177500,8.1899995803833,8.0,8.0
05-05-2016,7.630000114440918,8.020000457763672,213100,8.045000076293945,7.71999979019165,7.71999979019165
06-05-2016,7.389999866485596,7.739999771118164,210600,7.809999942779541,7.650000095367432,7.650000095367432
09-05-2016,7.519999980926514,7.519999980926514,165400,8.050000190734863,7.929999828338623,7.929999828338623
10-05-2016,7.5,7.900000095367432,208700,7.989999771118164,7.809999942779541,7.809999942779541
11-05-2016,7.210000038146973,7.690000057220459,228900,7.690000057220459,7.25,7.25
12-05-2016,6.940000057220459,7.260000228881836,173100,7.449999809265137,7.159999847412109,7.159999847412109
13-05-2016,6.159999847412109,7.0,791500,7.010000228881836,6.449999809265137,6.449999809265137
16-05-2016,6.420000076293945,6.5,263000,6.679999828338623,6.539999961853027,6.539999961853027
17-05-2016,6.139999866485596,6.550000190734863,323000,6.679999828338623,6.150000095367432,6.150000095367432
18-05-2016,5.590000152587891,6.099999904632568,879300,6.21999979019165,5.699999809265137,5.699999809265137
19-05-2016,5.75,5.75,1745600,6.650000095367432,6.449999809265137,6.449999809265137
20-05-2016,6.03000020980835,6.360000133514404,1251100,7.349999904632568,7.110000133514404,7.110000133514404
23-05-2016,6.960000038146973,7.019999980926514,863000,7.590000152587891,7.369999885559082,7.369999885559082
24-05-2016,7.135000228881836,7.440000057220459,336500,7.534999847412109,7.28000020980835,7.28000020980835
25-05-2016,7.480000019073486,7.489999771118164,919200,8.359999656677246,7.929999828338623,7.929999828338623
26-05-2016,7.554999828338623,7.889999866485596,390400,8.3100004196167,7.599999904632568,7.599999904632568
27-05-2016,7.599999904632568,7.619999885559082,203600,7.880000114440918,7.739999771118164,7.739999771118164
31-05-2016,7.534999847412109,7.769999980926514,463100,7.829999923706055,7.610000133514404,7.610000133514404
01-06-2016,7.579999923706055,7.610000133514404,220500,7.889999866485596,7.809999942779541,7.809999942779541
02-06-2016,7.71999979019165,7.75,317100,8.1899995803833,8.09000015258789,8.09000015258789
03-06-2016,7.889999866485596,8.199999809265137,168900,8.24899959564209,8.029999732971191,8.029999732971191
06-06-2016,7.880000114440918,8.0,269500,8.40999984741211,8.390000343322754,8.390000343322754
07-06-2016,8.270000457763672,8.289999961853027,301400,8.579999923706055,8.430000305175781,8.430000305175781
08-06-2016,8.420000076293945,8.529999732971191,218300,8.630000114440918,8.489999771118164,8.489999771118164
09-06-2016,8.204999923706055,8.369999885559082,450200,8.739999771118164,8.680000305175781,8.680000305175781
10-06-2016,7.789999961853027,8.619999885559082,579800,8.720000267028809,8.010000228881836,8.010000228881836
13-06-2016,7.71999979019165,7.980000019073486,235400,8.039999961853027,7.75,7.75
14-06-2016,7.519999980926514,7.71999979019165,170600,7.889999866485596,7.670000076293945,7.670000076293945
15-06-2016,7.800000190734863,7.829999923706055,273200,8.270000457763672,7.869999885559082,7.869999885559082
16-06-2016,7.420000076293945,7.860000133514404,412500,7.949999809265137,7.659999847412109,7.659999847412109
17-06-2016,7.650000095367432,7.679999828338623,373000,7.949999809265137,7.920000076293945,7.920000076293945
20-06-2016,8.029999732971191,8.029999732971191,181600,8.5,8.399999618530273,8.399999618530273
21-06-2016,8.050000190734863,8.329999923706055,218800,8.449999809265137,8.170000076293945,8.170000076293945
22-06-2016,8.076000213623047,8.199999809265137,217200,8.420000076293945,8.130000114440918,8.130000114440918
23-06-2016,8.170000076293945,8.25,225600,8.510000228881836,8.489999771118164,8.489999771118164
24-06-2016,7.949999809265137,8.0,886400,8.4399995803833,8.270000457763672,8.270000457763672
27-06-2016,7.835000038146973,8.140000343322754,311500,8.140000343322754,7.940000057220459,7.940000057220459
28-06-2016,7.949999809265137,7.949999809265137,169400,8.399999618530273,8.149999618530273,8.149999618530273
29-06-2016,8.260000228881836,8.359999656677246,223200,8.670000076293945,8.5,8.5
30-06-2016,8.3100004196167,8.579999923706055,259500,8.65999984741211,8.619999885559082,8.619999885559082
01-07-2016,8.640000343322754,8.670000076293945,285900,9.34000015258789,9.010000228881836,9.010000228881836
05-07-2016,8.220000267028809,8.989999771118164,352700,8.989999771118164,8.460000038146973,8.460000038146973
06-07-2016,8.239999771118164,8.449999809265137,139600,8.65999984741211,8.65999984741211,8.65999984741211
07-07-2016,8.574999809265137,8.630000114440918,135600,8.90999984741211,8.75,8.75
08-07-2016,8.90999984741211,8.90999984741211,211900,9.380000114440918,9.239999771118164,9.239999771118164
11-07-2016,9.234999656677246,9.300000190734863,186500,9.640000343322754,9.539999961853027,9.539999961853027
12-07-2016,9.520000457763672,9.619999885559082,185800,9.699999809265137,9.569999694824219,9.569999694824219
13-07-2016,9.1899995803833,9.65999984741211,142600,9.680000305175781,9.34000015258789,9.34000015258789
14-07-2016,8.819999694824219,9.380000114440918,329800,9.390000343322754,9.010000228881836,9.010000228881836
15-07-2016,8.850000381469727,9.029999732971191,205000,9.125,9.050000190734863,9.050000190734863
18-07-2016,8.949999809265137,9.069999694824219,169200,9.550000190734863,9.5,9.5
19-07-2016,8.75,9.460000038146973,215700,9.489999771118164,8.800000190734863,8.800000190734863
20-07-2016,8.800000190734863,8.8100004196167,308700,9.274999618530273,9.239999771118164,9.239999771118164
21-07-2016,9.130000114440918,9.279999732971191,157400,9.5,9.25,9.25
22-07-2016,8.800000190734863,9.1899995803833,187800,9.25,9.100000381469727,9.100000381469727
25-07-2016,9.039999961853027,9.1899995803833,256000,9.359999656677246,9.3100004196167,9.3100004196167
26-07-2016,9.180000305175781,9.399999618530273,422400,9.845000267028809,9.8100004196167,9.8100004196167
27-07-2016,9.520000457763672,10.0,606100,10.869999885559082,10.479999542236328,10.479999542236328
28-07-2016,9.699999809265137,10.40999984741211,298700,10.40999984741211,10.220000267028809,10.220000267028809
29-07-2016,10.199999809265137,10.199999809265137,291600,10.84000015258789,10.760000228881836,10.760000228881836
01-08-2016,10.600000381469727,10.720000267028809,266200,10.779999732971191,10.75,10.75
02-08-2016,9.821999549865723,10.789999961853027,208800,10.789999961853027,9.880000114440918,9.880000114440918
03-08-2016,9.479999542236328,9.770000457763672,280900,9.890000343322754,9.670000076293945,9.670000076293945
04-08-2016,9.569999694824219,9.680000305175781,259700,10.329999923706055,10.3100004196167,10.3100004196167
05-08-2016,10.359999656677246,10.369999885559082,322000,10.920000076293945,10.609999656677246,10.609999656677246
08-08-2016,10.569999694824219,10.640000343322754,193800,10.899999618530273,10.729999542236328,10.729999542236328
09-08-2016,10.430000305175781,10.710000038146973,141900,10.739999771118164,10.4399995803833,10.4399995803833
10-08-2016,10.329999923706055,10.619999885559082,196400,10.720000267028809,10.529999732971191,10.529999732971191
11-08-2016,10.710000038146973,10.739999771118164,390500,11.25,11.15999984741211,11.15999984741211
12-08-2016,10.90999984741211,11.1899995803833,208000,11.218000411987305,11.100000381469727,11.100000381469727
15-08-2016,11.109999656677246,11.170000076293945,231300,11.760000228881836,11.529999732971191,11.529999732971191
16-08-2016,11.329999923706055,11.529999732971191,143400,11.550000190734863,11.470000267028809,11.470000267028809
17-08-2016,11.149999618530273,11.380000114440918,161400,11.489999771118164,11.399999618530273,11.399999618530273
18-08-2016,11.460000038146973,11.5,368300,12.59000015258789,12.149999618530273,12.149999618530273
19-08-2016,12.100000381469727,12.220000267028809,334800,12.979999542236328,12.649999618530273,12.649999618530273
22-08-2016,12.109999656677246,12.649999618530273,277600,12.680000305175781,12.5,12.5
23-08-2016,12.319999694824219,12.630000114440918,131500,12.789999961853027,12.609999656677246,12.609999656677246
24-08-2016,12.25,12.5600004196167,374800,12.649999618530273,12.359999656677246,12.359999656677246
25-08-2016,12.149999618530273,12.270000457763672,170100,12.609999656677246,12.380000114440918,12.380000114440918
26-08-2016,12.479999542236328,12.489999771118164,262400,13.109999656677246,12.779999732971191,12.779999732971191
29-08-2016,12.65999984741211,12.880000114440918,239200,12.920000076293945,12.729999542236328,12.729999542236328
30-08-2016,12.34000015258789,12.59000015258789,173900,12.739999771118164,12.520000457763672,12.520000457763672
31-08-2016,12.241000175476074,12.520000457763672,132100,12.670000076293945,12.380000114440918,12.380000114440918
01-09-2016,11.979999542236328,12.300000190734863,155500,12.449999809265137,12.260000228881836,12.260000228881836
02-09-2016,12.15999984741211,12.279999732971191,192400,12.720000267028809,12.489999771118164,12.489999771118164
06-09-2016,11.970000267028809,12.529999732971191,248400,12.789999961853027,12.119999885559082,12.119999885559082
07-09-2016,11.8100004196167,12.130000114440918,223600,12.569999694824219,12.510000228881836,12.510000228881836
08-09-2016,12.069999694824219,12.329999923706055,143700,12.5,12.260000228881836,12.260000228881836
09-09-2016,10.604999542236328,11.420000076293945,609400,11.789999961853027,10.920000076293945,10.920000076293945
12-09-2016,10.079999923706055,10.739999771118164,496700,11.050000190734863,10.9399995803833,10.9399995803833
13-09-2016,10.347999572753906,10.729999542236328,213100,10.770999908447266,10.670000076293945,10.670000076293945
14-09-2016,10.420000076293945,10.65999984741211,201100,10.819999694824219,10.649999618530273,10.649999618530273
15-09-2016,10.460000038146973,10.649999618530273,145400,10.819999694824219,10.75,10.75
16-09-2016,10.630000114440918,10.680000305175781,193200,10.890000343322754,10.739999771118164,10.739999771118164
19-09-2016,10.5600004196167,10.890000343322754,276100,10.930000305175781,10.75,10.75
20-09-2016,10.579999923706055,10.770000457763672,286700,11.039999961853027,10.899999618530273,10.899999618530273
21-09-2016,10.399999618530273,10.930000305175781,231400,11.069999694824219,10.819999694824219,10.819999694824219
22-09-2016,10.779999732971191,11.0,141100,11.140000343322754,11.09000015258789,11.09000015258789
23-09-2016,10.920000076293945,11.109999656677246,167600,11.380000114440918,11.15999984741211,11.15999984741211
26-09-2016,10.59000015258789,11.050000190734863,176400,11.130000114440918,10.699999809265137,10.699999809265137
27-09-2016,10.6899995803833,10.739999771118164,135700,11.149999618530273,10.8100004196167,10.8100004196167
28-09-2016,10.699999809265137,10.779999732971191,134400,11.020000457763672,11.0,11.0
29-09-2016,10.800000190734863,10.890000343322754,171600,11.180000305175781,11.010000228881836,11.010000228881836
30-09-2016,10.869999885559082,11.130000114440918,167000,11.529999732971191,11.380000114440918,11.380000114440918
03-10-2016,10.970000267028809,11.449999809265137,167700,11.5,11.010000228881836,11.010000228881836
04-10-2016,10.630000114440918,10.989999771118164,235400,11.100000381469727,11.020000457763672,11.020000457763672
05-10-2016,11.0,11.079999923706055,281400,11.420000076293945,11.050000190734863,11.050000190734863
06-10-2016,10.829999923706055,11.029999732971191,138800,11.220000267028809,11.180000305175781,11.180000305175781
07-10-2016,11.114999771118164,11.300000190734863,101300,11.583000183105469,11.359999656677246,11.359999656677246
10-10-2016,11.180000305175781,11.430000305175781,96200,11.569999694824219,11.489999771118164,11.489999771118164
11-10-2016,11.100000381469727,11.399999618530273,166800,11.539999961853027,11.199999809265137,11.199999809265137
12-10-2016,10.989999771118164,11.170000076293945,118100,11.319999694824219,11.09000015258789,11.09000015258789
13-10-2016,10.680000305175781,10.9399995803833,122900,11.119999885559082,10.970000267028809,10.970000267028809
14-10-2016,10.829999923706055,11.020000457763672,69800,11.140000343322754,11.020000457763672,11.020000457763672
17-10-2016,10.949999809265137,11.0,79400,11.239999771118164,11.010000228881836,11.010000228881836
18-10-2016,10.850000381469727,10.979999542236328,159500,11.130000114440918,10.9399995803833,10.9399995803833
19-10-2016,10.770000457763672,10.979999542236328,90400,11.210000038146973,11.010000228881836,11.010000228881836
20-10-2016,11.0,11.0,208600,11.449999809265137,11.420000076293945,11.420000076293945
21-10-2016,11.039999961853027,11.199999809265137,129600,11.550000190734863,11.430000305175781,11.430000305175781
24-10-2016,11.34000015258789,11.510000228881836,156600,11.729999542236328,11.6899995803833,11.6899995803833
25-10-2016,11.050000190734863,11.550000190734863,131500,11.642000198364258,11.319999694824219,11.319999694824219
26-10-2016,10.899999618530273,11.220000267028809,178800,11.399999618530273,11.0,11.0
27-10-2016,12.15999984741211,12.699999809265137,1135600,13.199999809265137,12.5,12.5
28-10-2016,12.350000381469727,12.449999809265137,265100,12.96500015258789,12.600000381469727,12.600000381469727
31-10-2016,12.420000076293945,12.609999656677246,172300,12.859999656677246,12.800000190734863,12.800000190734863
01-11-2016,12.369999885559082,12.699999809265137,215300,12.850000381469727,12.699999809265137,12.699999809265137
02-11-2016,11.930000305175781,12.600000381469727,241500,12.75,12.15999984741211,12.15999984741211
03-11-2016,11.989999771118164,12.0,149100,12.260000228881836,12.149999618530273,12.149999618530273
04-11-2016,12.25,12.25,289400,12.989999771118164,12.9399995803833,12.9399995803833
07-11-2016,12.869999885559082,13.119999885559082,519000,14.270000457763672,13.84000015258789,13.84000015258789
08-11-2016,13.619999885559082,13.880000114440918,249500,14.489999771118164,14.149999618530273,14.149999618530273
09-11-2016,13.8100004196167,13.819999694824219,271200,14.819999694824219,14.65999984741211,14.65999984741211
10-11-2016,14.680000305175781,14.680000305175781,311900,15.520000457763672,15.119999885559082,15.119999885559082
11-11-2016,14.670000076293945,15.09000015258789,263300,15.300000190734863,15.25,15.25
14-11-2016,15.15999984741211,15.859999656677246,399800,16.489999771118164,15.369999885559082,15.369999885559082
15-11-2016,14.90999984741211,15.649999618530273,354900,15.649999618530273,15.289999961853027,15.289999961853027
16-11-2016,15.220000267028809,15.40999984741211,345800,16.43000030517578,16.020000457763672,16.020000457763672
17-11-2016,15.319999694824219,15.960000038146973,183300,16.020000457763672,15.800000190734863,15.800000190734863
18-11-2016,15.390000343322754,15.720000267028809,145000,15.970000267028809,15.720000267028809,15.720000267028809
21-11-2016,15.470000267028809,15.779999732971191,134000,15.880000114440918,15.729999542236328,15.729999542236328
22-11-2016,15.822999954223633,15.899999618530273,247000,16.889999389648438,16.360000610351562,16.360000610351562
23-11-2016,16.200000762939453,16.360000610351562,223100,17.260000228881836,16.68000030517578,16.68000030517578
25-11-2016,16.469999313354492,16.700000762939453,96700,16.899999618530273,16.739999771118164,16.739999771118164
28-11-2016,16.219999313354492,16.81999969482422,148100,16.899999618530273,16.520000457763672,16.520000457763672
29-11-2016,16.100000381469727,16.489999771118164,154700,16.709999084472656,16.31999969482422,16.31999969482422
30-11-2016,15.510000228881836,15.529999732971191,229600,16.770000457763672,15.779999732971191,15.779999732971191
01-12-2016,15.470000267028809,15.9399995803833,247300,16.579999923706055,15.6899995803833,15.6899995803833
02-12-2016,15.029999732971191,15.779999732971191,366500,15.970000267028809,15.180000305175781,15.180000305175781
05-12-2016,15.15999984741211,15.430000305175781,215600,15.725000381469727,15.260000228881836,15.260000228881836
06-12-2016,15.029999732971191,15.350000381469727,168200,15.350000381469727,15.170000076293945,15.170000076293945
07-12-2016,15.039999961853027,15.180000305175781,156100,15.479999542236328,15.199999809265137,15.199999809265137
08-12-2016,14.979999542236328,15.149999618530273,272100,15.319999694824219,15.239999771118164,15.239999771118164
09-12-2016,14.529999732971191,15.210000038146973,292500,15.4399995803833,14.640000343322754,14.640000343322754
12-12-2016,13.819999694824219,14.579999923706055,334900,14.600000381469727,14.4399995803833,14.4399995803833
13-12-2016,14.34000015258789,14.5600004196167,209800,14.770000457763672,14.59000015258789,14.59000015258789
14-12-2016,14.170000076293945,14.550000190734863,119500,14.550000190734863,14.4399995803833,14.4399995803833
15-12-2016,14.0,14.329999923706055,300000,14.579999923706055,14.09000015258789,14.09000015258789
16-12-2016,13.319999694824219,14.079999923706055,253900,14.305000305175781,13.399999618530273,13.399999618530273
19-12-2016,13.15999984741211,13.460000038146973,176500,13.649999618530273,13.300000190734863,13.300000190734863
20-12-2016,13.520000457763672,13.550000190734863,300500,14.720000267028809,14.0,14.0
21-12-2016,13.520000457763672,13.859999656677246,108400,14.039999961853027,13.600000381469727,13.600000381469727
22-12-2016,12.069999694824219,13.569999694824219,450200,13.569999694824219,12.140000343322754,12.140000343322754
23-12-2016,12.199999809265137,12.199999809265137,350100,12.8100004196167,12.649999618530273,12.649999618530273
27-12-2016,12.630000114440918,12.630000114440918,130800,13.029999732971191,12.829999923706055,12.829999923706055
28-12-2016,12.420000076293945,12.90999984741211,273100,13.4399995803833,12.569999694824219,12.569999694824219
29-12-2016,12.479999542236328,12.640000343322754,287400,12.869999885559082,12.6899995803833,12.6899995803833
30-12-2016,12.40999984741211,12.739999771118164,154200,12.760000228881836,12.520000457763672,12.520000457763672
03-01-2017,12.710000038146973,12.979999542236328,577500,13.819999694824219,13.149999618530273,13.149999618530273
04-01-2017,13.149999618530273,13.180000305175781,327700,13.904999732971191,13.850000381469727,13.850000381469727
05-01-2017,12.779999732971191,13.520000457763672,418400,13.657999992370605,13.039999961853027,13.039999961853027
06-01-2017,12.680000305175781,13.15999984741211,365800,13.460000038146973,12.989999771118164,12.989999771118164
09-01-2017,12.020000457763672,12.920000076293945,541800,12.920000076293945,12.140000343322754,12.140000343322754
10-01-2017,11.109999656677246,11.109999656677246,1322000,12.289999961853027,12.020000457763672,12.020000457763672
11-01-2017,11.510000228881836,11.920000076293945,452000,11.920000076293945,11.6899995803833,11.6899995803833
12-01-2017,11.239999771118164,11.65999984741211,244100,11.729999542236328,11.670000076293945,11.670000076293945
13-01-2017,11.5600004196167,11.729999542236328,202700,12.020000457763672,11.630000114440918,11.630000114440918
17-01-2017,11.3100004196167,11.4399995803833,349600,11.699999809265137,11.630000114440918,11.630000114440918
18-01-2017,11.15999984741211,11.600000381469727,304100,11.779999732971191,11.75,11.75
19-01-2017,11.515000343322754,11.829999923706055,473400,11.84000015258789,11.680000305175781,11.680000305175781
20-01-2017,11.65999984741211,11.720000267028809,301300,11.960000038146973,11.899999618530273,11.899999618530273
23-01-2017,11.449999809265137,11.8100004196167,318200,11.845000267028809,11.5,11.5
24-01-2017,11.199999809265137,11.510000228881836,255900,11.670000076293945,11.479999542236328,11.479999542236328
25-01-2017,11.489999771118164,11.489999771118164,261600,11.789999961853027,11.600000381469727,11.600000381469727
26-01-2017,11.050000190734863,11.5,433400,11.654999732971191,11.0600004196167,11.0600004196167
27-01-2017,10.550000190734863,11.100000381469727,572900,11.34000015258789,10.579999923706055,10.579999923706055
30-01-2017,10.300000190734863,10.609999656677246,566000,10.710000038146973,10.489999771118164,10.489999771118164
31-01-2017,10.100000381469727,10.289999961853027,580400,10.930000305175781,10.850000381469727,10.850000381469727
01-02-2017,8.8100004196167,9.75,2656000,10.975000381469727,10.850000381469727,10.850000381469727
02-02-2017,10.760000228881836,10.829999923706055,1041800,12.100000381469727,11.949999809265137,11.949999809265137
03-02-2017,11.079999923706055,11.960000038146973,500200,11.960000038146973,11.09000015258789,11.09000015258789
06-02-2017,10.8100004196167,11.119999885559082,431600,11.170000076293945,10.880000114440918,10.880000114440918
07-02-2017,10.75,10.920000076293945,257500,11.039999961853027,10.920000076293945,10.920000076293945
08-02-2017,10.75,10.930000305175781,191300,11.0,10.970000267028809,10.970000267028809
09-02-2017,10.949999809265137,11.130000114440918,313400,11.25,10.989999771118164,10.989999771118164
10-02-2017,10.899999618530273,11.050000190734863,553400,11.520000457763672,11.210000038146973,11.210000038146973
13-02-2017,11.069999694824219,11.3100004196167,297500,11.489999771118164,11.239999771118164,11.239999771118164
14-02-2017,10.90999984741211,11.130000114440918,256500,11.380000114440918,11.0,11.0
15-02-2017,10.850000381469727,10.960000038146973,336800,11.210000038146973,11.079999923706055,11.079999923706055
16-02-2017,10.829999923706055,11.039999961853027,209600,11.175000190734863,10.9399995803833,10.9399995803833
17-02-2017,10.800000190734863,10.930000305175781,158700,11.0600004196167,10.9399995803833,10.9399995803833
21-02-2017,10.890000343322754,10.90999984741211,291700,11.239999771118164,10.899999618530273,10.899999618530273
22-02-2017,10.8100004196167,10.920000076293945,283500,11.329999923706055,11.020000457763672,11.020000457763672
23-02-2017,10.65999984741211,11.020000457763672,379100,11.100000381469727,10.6899995803833,10.6899995803833
24-02-2017,10.449999809265137,10.600000381469727,205400,11.0,10.90999984741211,10.90999984741211
27-02-2017,10.779999732971191,10.859999656677246,330500,11.100000381469727,10.8100004196167,10.8100004196167
28-02-2017,10.109999656677246,10.739999771118164,255500,10.75,10.270000457763672,10.270000457763672
01-03-2017,10.239999771118164,10.479999542236328,334600,10.710000038146973,10.59000015258789,10.59000015258789
02-03-2017,10.520000457763672,10.600000381469727,194500,10.869999885559082,10.600000381469727,10.600000381469727
03-03-2017,10.079999923706055,10.59000015258789,193100,10.6899995803833,10.390000343322754,10.390000343322754
06-03-2017,9.779999732971191,10.270000457763672,268500,10.319999694824219,9.859999656677246,9.859999656677246
07-03-2017,9.630000114440918,9.859999656677246,508600,9.970000267028809,9.710000038146973,9.710000038146973
08-03-2017,9.640000343322754,9.75,556300,10.329999923706055,10.210000038146973,10.210000038146973
09-03-2017,9.710000038146973,10.130000114440918,204500,10.149999618530273,9.770000457763672,9.770000457763672
10-03-2017,9.619999885559082,9.829999923706055,344400,10.0,9.920000076293945,9.920000076293945
13-03-2017,9.539999961853027,9.880000114440918,212700,9.90999984741211,9.609999656677246,9.609999656677246
14-03-2017,9.229999542236328,9.600000381469727,214200,9.600000381469727,9.510000228881836,9.510000228881836
15-03-2017,9.329999923706055,9.539999961853027,159200,9.899999618530273,9.8100004196167,9.8100004196167
16-03-2017,9.720000267028809,9.800000190734863,152800,10.239999771118164,10.109999656677246,10.109999656677246
17-03-2017,9.819999694824219,10.1899995803833,129100,10.1899995803833,9.859999656677246,9.859999656677246
20-03-2017,9.5,9.84000015258789,129900,9.899999618530273,9.510000228881836,9.510000228881836
21-03-2017,8.949999809265137,9.609999656677246,267400,9.609999656677246,9.069999694824219,9.069999694824219
22-03-2017,8.850000381469727,8.989999771118164,247300,9.1899995803833,9.130000114440918,9.130000114440918
23-03-2017,9.015000343322754,9.140000343322754,109200,9.510000228881836,9.350000381469727,9.350000381469727
24-03-2017,9.180000305175781,9.300000190734863,109400,9.4350004196167,9.3100004196167,9.3100004196167
27-03-2017,9.170000076293945,9.229999542236328,114000,9.609999656677246,9.369999885559082,9.369999885559082
28-03-2017,9.220000267028809,9.329999923706055,170000,9.710000038146973,9.619999885559082,9.619999885559082
29-03-2017,9.510000228881836,9.550000190734863,155300,10.069999694824219,9.920000076293945,9.920000076293945
30-03-2017,9.729999542236328,9.880000114440918,153400,10.119999885559082,10.079999923706055,10.079999923706055
31-03-2017,9.859999656677246,10.09000015258789,148000,10.140000343322754,9.890000343322754,9.890000343322754
03-04-2017,9.609999656677246,9.890000343322754,145600,9.890000343322754,9.850000381469727,9.850000381469727
04-04-2017,9.229999542236328,9.84000015258789,292700,9.84000015258789,9.34000015258789,9.34000015258789
05-04-2017,9.210000038146973,9.380000114440918,315100,9.600000381469727,9.319999694824219,9.319999694824219
06-04-2017,9.319999694824219,9.34000015258789,331200,10.305000305175781,9.880000114440918,9.880000114440918
07-04-2017,9.75,9.829999923706055,244400,10.109999656677246,9.829999923706055,9.829999923706055
10-04-2017,9.800000190734863,9.829999923706055,138100,10.289999961853027,10.239999771118164,10.239999771118164
11-04-2017,10.119999885559082,10.239999771118164,191800,10.65999984741211,10.569999694824219,10.569999694824219
12-04-2017,10.164999961853027,10.5600004196167,149800,10.5600004196167,10.279999732971191,10.279999732971191
13-04-2017,10.119999885559082,10.279999732971191,245000,10.529999732971191,10.25,10.25
17-04-2017,9.979999542236328,10.350000381469727,207000,10.4399995803833,10.430000305175781,10.430000305175781
18-04-2017,10.140000343322754,10.399999618530273,167400,10.680000305175781,10.640000343322754,10.640000343322754
19-04-2017,10.579999923706055,10.6899995803833,198300,10.899999618530273,10.609999656677246,10.609999656677246
20-04-2017,10.720000267028809,10.760000228881836,177300,11.0649995803833,10.869999885559082,10.869999885559082
21-04-2017,10.65999984741211,10.90999984741211,118600,11.029999732971191,10.760000228881836,10.760000228881836
24-04-2017,10.739999771118164,11.079999923706055,167300,11.170000076293945,10.75,10.75
25-04-2017,10.5600004196167,10.75,287400,10.9399995803833,10.5600004196167,10.5600004196167
26-04-2017,10.640000343322754,10.640000343322754,200100,11.170000076293945,10.989999771118164,10.989999771118164
27-04-2017,10.645000457763672,11.079999923706055,205900,11.079999923706055,10.729999542236328,10.729999542236328
28-04-2017,10.420000076293945,10.710000038146973,125700,10.720000267028809,10.609999656677246,10.609999656677246
01-05-2017,10.529999732971191,10.710000038146973,121900,10.75,10.579999923706055,10.579999923706055
02-05-2017,10.579999923706055,10.649999618530273,140500,10.890000343322754,10.75,10.75
03-05-2017,10.449999809265137,10.739999771118164,115300,10.739999771118164,10.539999961853027,10.539999961853027
04-05-2017,10.050000190734863,10.550000190734863,110600,10.550000190734863,10.09000015258789,10.09000015258789
05-05-2017,10.029999732971191,10.220000267028809,249200,10.5,10.420000076293945,10.420000076293945
08-05-2017,9.960000038146973,10.520000457763672,147400,10.630000114440918,10.010000228881836,10.010000228881836
09-05-2017,9.90999984741211,10.100000381469727,86700,10.140000343322754,9.979999542236328,9.979999542236328
10-05-2017,9.8100004196167,10.010000228881836,173000,10.319999694824219,10.25,10.25
11-05-2017,9.579999923706055,10.170000076293945,380800,10.170000076293945,9.65999984741211,9.65999984741211
12-05-2017,9.029999732971191,9.539999961853027,228900,9.680000305175781,9.109999656677246,9.109999656677246
15-05-2017,8.989999771118164,9.119999885559082,187800,9.350000381469727,9.15999984741211,9.15999984741211
16-05-2017,8.550000190734863,9.109999656677246,301500,9.149999618530273,8.949999809265137,8.949999809265137
17-05-2017,8.670000076293945,8.760000228881836,387900,9.125,8.869999885559082,8.869999885559082
18-05-2017,7.869999885559082,8.890000343322754,602600,9.020000457763672,7.880000114440918,7.880000114440918
19-05-2017,7.71999979019165,7.860000133514404,275600,8.140000343322754,8.0600004196167,8.0600004196167
22-05-2017,7.860000133514404,8.140000343322754,653500,8.1850004196167,7.980000019073486,7.980000019073486
23-05-2017,7.449999809265137,8.050000190734863,258700,8.100000381469727,7.679999828338623,7.679999828338623
24-05-2017,7.610000133514404,7.630000114440918,176100,7.840000152587891,7.670000076293945,7.670000076293945
25-05-2017,7.619999885559082,7.75,214400,7.889999866485596,7.889999866485596,7.889999866485596
26-05-2017,7.670000076293945,7.900000095367432,231500,8.039999961853027,7.989999771118164,7.989999771118164
30-05-2017,7.78000020980835,7.989999771118164,530600,8.0600004196167,7.860000133514404,7.860000133514404
31-05-2017,7.5,7.829999923706055,446200,7.880000114440918,7.789999961853027,7.789999961853027
01-06-2017,7.380000114440918,7.849999904632568,647500,7.849999904632568,7.420000076293945,7.420000076293945
02-06-2017,5.909999847412109,6.159999847412109,3389300,6.650000095367432,5.980000019073486,5.980000019073486
05-06-2017,5.900000095367432,5.980000019073486,968300,6.263999938964844,6.150000095367432,6.150000095367432
06-06-2017,5.989999771118164,6.159999847412109,1036300,6.239999771118164,6.210000038146973,6.210000038146973
07-06-2017,6.0,6.21999979019165,734000,6.409999847412109,6.139999866485596,6.139999866485596
08-06-2017,6.25,6.260000228881836,1094200,6.78000020980835,6.559999942779541,6.559999942779541
09-06-2017,6.25,6.590000152587891,597800,6.590000152587891,6.570000171661377,6.570000171661377
12-06-2017,6.519999980926514,6.559999942779541,628500,6.860000133514404,6.690000057220459,6.690000057220459
13-06-2017,6.650000095367432,6.730000019073486,334700,7.0,6.860000133514404,6.860000133514404
14-06-2017,6.760000228881836,6.889999866485596,393900,6.985000133514404,6.980000019073486,6.980000019073486
15-06-2017,6.840000152587891,6.880000114440918,227300,7.019999980926514,6.989999771118164,6.989999771118164
16-06-2017,6.800000190734863,6.920000076293945,264700,6.940000057220459,6.929999828338623,6.929999828338623
19-06-2017,6.639999866485596,6.980000019073486,273600,7.03000020980835,6.889999866485596,6.889999866485596
20-06-2017,6.480000019073486,6.869999885559082,417600,6.869999885559082,6.619999885559082,6.619999885559082
21-06-2017,6.269999980926514,6.619999885559082,298400,6.619999885559082,6.409999847412109,6.409999847412109
22-06-2017,6.349999904632568,6.409999847412109,213300,6.695000171661377,6.610000133514404,6.610000133514404
23-06-2017,6.489999771118164,6.599999904632568,458200,6.789999961853027,6.699999809265137,6.699999809265137
26-06-2017,6.639999866485596,6.769999980926514,432900,6.820000171661377,6.690000057220459,6.690000057220459
27-06-2017,6.710000038146973,6.710000038146973,571500,7.25,7.0,7.0
28-06-2017,6.829999923706055,7.070000171661377,263500,7.139999866485596,6.860000133514404,6.860000133514404
29-06-2017,6.849999904632568,6.849999904632568,274700,7.21999979019165,7.159999847412109,7.159999847412109
30-06-2017,6.960000038146973,7.199999809265137,129000,7.2129998207092285,7.079999923706055,7.079999923706055
03-07-2017,7.0,7.130000114440918,99000,7.245999813079834,7.179999828338623,7.179999828338623
05-07-2017,6.869999885559082,7.170000076293945,190000,7.210000038146973,6.989999771118164,6.989999771118164
06-07-2017,6.550000190734863,6.989999771118164,233500,7.059999942779541,6.619999885559082,6.619999885559082
07-07-2017,6.570000171661377,6.639999866485596,179200,6.760000228881836,6.739999771118164,6.739999771118164
10-07-2017,6.360000133514404,6.75,208300,6.75,6.380000114440918,6.380000114440918
11-07-2017,6.119999885559082,6.409999847412109,278500,6.510000228881836,6.489999771118164,6.489999771118164
12-07-2017,6.420000076293945,6.550000190734863,106700,6.659999847412109,6.429999828338623,6.429999828338623
13-07-2017,6.420000076293945,6.420000076293945,185400,6.949999809265137,6.920000076293945,6.920000076293945
14-07-2017,6.570000171661377,6.909999847412109,136000,6.960000038146973,6.579999923706055,6.579999923706055
17-07-2017,6.579999923706055,6.579999923706055,203200,7.0,6.840000152587891,6.840000152587891
18-07-2017,6.599999904632568,6.809999942779541,139700,6.929999828338623,6.639999866485596,6.639999866485596
19-07-2017,6.610000133514404,6.639999866485596,159600,6.869999885559082,6.789999961853027,6.789999961853027
20-07-2017,6.690000057220459,6.78000020980835,92300,6.880000114440918,6.769999980926514,6.769999980926514
21-07-2017,6.510000228881836,6.820000171661377,117400,6.820000171661377,6.679999828338623,6.679999828338623
24-07-2017,6.099999904632568,6.630000114440918,438300,6.679999828338623,6.199999809265137,6.199999809265137
25-07-2017,6.230000019073486,6.230000019073486,298300,6.480000019073486,6.320000171661377,6.320000171661377
26-07-2017,6.340000152587891,6.349999904632568,488300,6.889999866485596,6.599999904632568,6.599999904632568
27-07-2017,6.559999942779541,6.599999904632568,326400,7.260000228881836,7.25,7.25
28-07-2017,6.96999979019165,7.150000095367432,402000,7.429999828338623,7.420000076293945,7.420000076293945
31-07-2017,7.159999847412109,7.400000095367432,1239500,8.180000305175781,8.010000228881836,8.010000228881836
01-08-2017,7.449999809265137,8.010000228881836,553500,8.039999961853027,7.820000171661377,7.820000171661377
02-08-2017,8.800000190734863,9.039999961853027,1588200,9.73900032043457,9.149999618530273,9.149999618530273
03-08-2017,8.25,9.100000381469727,631100,9.199999809265137,8.550000190734863,8.550000190734863
04-08-2017,8.960000038146973,9.100000381469727,627300,9.6899995803833,9.239999771118164,9.239999771118164
07-08-2017,8.829999923706055,9.289999961853027,460700,9.350000381469727,8.84000015258789,8.84000015258789
08-08-2017,8.84000015258789,8.84000015258789,299600,9.180000305175781,8.90999984741211,8.90999984741211
09-08-2017,8.5,8.850000381469727,394500,8.850000381469727,8.579999923706055,8.579999923706055
10-08-2017,8.15999984741211,8.510000228881836,255900,8.609999656677246,8.510000228881836,8.510000228881836
11-08-2017,8.279999732971191,8.329999923706055,327700,9.050000190734863,8.970000267028809,8.970000267028809
14-08-2017,8.579999923706055,9.0,248000,9.149999618530273,8.640000343322754,8.640000343322754
15-08-2017,8.319999694824219,8.680000305175781,196100,8.699999809265137,8.449999809265137,8.449999809265137
16-08-2017,8.520000457763672,8.520000457763672,185200,8.90999984741211,8.5600004196167,8.5600004196167
17-08-2017,8.1899995803833,8.529999732971191,225600,8.529999732971191,8.300000190734863,8.300000190734863
18-08-2017,7.909999847412109,8.199999809265137,274400,8.390000343322754,8.069999694824219,8.069999694824219
21-08-2017,7.539999961853027,8.069999694824219,252900,8.09000015258789,7.730000019073486,7.730000019073486
22-08-2017,7.800000190734863,7.800000190734863,175000,8.180000305175781,8.119999885559082,8.119999885559082
23-08-2017,8.020000457763672,8.069999694824219,105100,8.170000076293945,8.079999923706055,8.079999923706055
24-08-2017,8.140000343322754,8.140000343322754,213700,8.5,8.300000190734863,8.300000190734863
25-08-2017,8.279999732971191,8.329999923706055,274700,8.649999618530273,8.569999694824219,8.569999694824219
28-08-2017,8.279999732971191,8.569999694824219,153500,8.569999694824219,8.329999923706055,8.329999923706055
29-08-2017,7.639999866485596,8.239999771118164,420300,8.25,7.829999923706055,7.829999923706055
30-08-2017,7.670000076293945,7.849999904632568,239300,8.0600004196167,7.960000038146973,7.960000038146973
31-08-2017,7.849999904632568,7.980000019073486,312900,8.100000381469727,8.100000381469727,8.100000381469727
01-09-2017,8.109999656677246,8.149999618530273,304100,8.800000190734863,8.680000305175781,8.680000305175781
05-09-2017,7.940000057220459,8.630000114440918,347300,8.788999557495117,8.180000305175781,8.180000305175781
06-09-2017,7.989999771118164,8.239999771118164,292800,8.529999732971191,8.199999809265137,8.199999809265137
07-09-2017,7.889999866485596,8.229999542236328,224000,8.34000015258789,8.079999923706055,8.079999923706055
08-09-2017,7.820000171661377,8.050000190734863,154800,8.15999984741211,7.880000114440918,7.880000114440918
11-09-2017,7.659999847412109,7.900000095367432,257300,8.194999694824219,8.079999923706055,8.079999923706055
12-09-2017,8.069999694824219,8.069999694824219,148600,8.390000343322754,8.260000228881836,8.260000228881836
13-09-2017,8.25,8.25,227800,8.800999641418457,8.670000076293945,8.670000076293945
14-09-2017,8.119999885559082,8.609999656677246,156000,8.628000259399414,8.350000381469727,8.350000381469727
15-09-2017,8.239999771118164,8.380000114440918,370300,8.670000076293945,8.59000015258789,8.59000015258789
18-09-2017,8.40999984741211,8.5600004196167,244300,8.6899995803833,8.529999732971191,8.529999732971191
19-09-2017,8.25,8.529999732971191,189900,8.609999656677246,8.399999618530273,8.399999618530273
20-09-2017,8.119999885559082,8.34000015258789,262400,8.654000282287598,8.399999618530273,8.399999618530273
21-09-2017,8.210000038146973,8.430000305175781,157500,8.430000305175781,8.350000381469727,8.350000381469727
22-09-2017,8.289999961853027,8.289999961853027,167100,8.710000038146973,8.680000305175781,8.680000305175781
25-09-2017,8.550000190734863,8.649999618530273,408300,9.510000228881836,9.449999809265137,9.449999809265137
26-09-2017,9.149999618530273,9.4399995803833,317600,9.600000381469727,9.279999732971191,9.279999732971191
27-09-2017,8.880000114440918,9.25,209000,9.380000114440918,9.149999618530273,9.149999618530273
28-09-2017,8.890000343322754,9.15999984741211,172700,9.260000228881836,8.960000038146973,8.960000038146973
29-09-2017,8.890000343322754,9.050000190734863,139600,9.09000015258789,8.899999618530273,8.899999618530273
02-10-2017,8.539999961853027,8.960000038146973,319300,9.0,8.680000305175781,8.680000305175781
03-10-2017,8.5600004196167,8.770000457763672,181600,8.819999694824219,8.640000343322754,8.640000343322754
04-10-2017,8.609999656677246,8.649999618530273,423300,8.970000267028809,8.720000267028809,8.720000267028809
05-10-2017,8.630000114440918,8.710000038146973,123900,8.920000076293945,8.800000190734863,8.800000190734863
06-10-2017,8.57699966430664,8.729999542236328,169200,8.829999923706055,8.609999656677246,8.609999656677246
09-10-2017,8.119999885559082,8.619999885559082,208400,8.630000114440918,8.210000038146973,8.210000038146973
10-10-2017,8.140000343322754,8.289999961853027,89500,8.399999618530273,8.220000267028809,8.220000267028809
11-10-2017,8.029999732971191,8.199999809265137,230100,8.33899974822998,8.140000343322754,8.140000343322754
12-10-2017,7.46999979019165,8.100000381469727,450900,8.119999885559082,7.820000171661377,7.820000171661377
13-10-2017,7.369999885559082,7.840000152587891,302300,7.889999866485596,7.429999828338623,7.429999828338623
16-10-2017,7.389999866485596,7.550000190734863,233300,7.75,7.690000057220459,7.690000057220459
17-10-2017,7.659999847412109,7.75,198200,7.869999885559082,7.789999961853027,7.789999961853027
18-10-2017,7.610000133514404,7.800000190734863,392100,8.289999961853027,7.75,7.75
19-10-2017,7.590000152587891,7.690000057220459,214300,7.920000076293945,7.699999809265137,7.699999809265137
20-10-2017,7.739999771118164,7.800000190734863,380700,8.319999694824219,8.300000190734863,8.300000190734863
23-10-2017,8.050000190734863,8.199999809265137,565800,8.670000076293945,8.229999542236328,8.229999542236328
24-10-2017,8.09000015258789,8.239999771118164,293700,8.520000457763672,8.5,8.5
25-10-2017,8.350000381469727,8.539999961853027,337400,8.739999771118164,8.65999984741211,8.65999984741211
26-10-2017,8.267999649047852,8.680000305175781,272400,8.880000114440918,8.8100004196167,8.8100004196167
27-10-2017,8.529999732971191,8.739999771118164,225200,8.829999923706055,8.739999771118164,8.739999771118164
30-10-2017,8.34000015258789,8.609999656677246,198000,8.739999771118164,8.5,8.5
31-10-2017,8.149999618530273,8.4399995803833,334400,8.5600004196167,8.229999542236328,8.229999542236328
01-11-2017,7.96999979019165,8.229999542236328,436600,8.390000343322754,8.109999656677246,8.109999656677246
02-11-2017,8.0,8.15999984741211,449300,8.550000190734863,8.399999618530273,8.399999618530273
03-11-2017,9.5,10.529999732971191,2660700,10.800000190734863,9.899999618530273,9.899999618530273
06-11-2017,9.8100004196167,10.0600004196167,1040100,10.114999771118164,9.989999771118164,9.989999771118164
07-11-2017,9.789999961853027,10.079999923706055,1143000,10.869999885559082,10.640000343322754,10.640000343322754
08-11-2017,10.460000038146973,10.539999961853027,519400,11.350000381469727,11.210000038146973,11.210000038146973
09-11-2017,11.01099967956543,11.100000381469727,1211000,12.220000267028809,12.010000228881836,12.010000228881836
10-11-2017,11.479999542236328,11.9399995803833,486700,12.375,12.010000228881836,12.010000228881836
13-11-2017,11.739999771118164,11.970000267028809,374900,12.069999694824219,11.779999732971191,11.779999732971191
14-11-2017,11.550000190734863,11.75,300700,11.899999618530273,11.6899995803833,11.6899995803833
15-11-2017,12.260000228881836,13.0,1506400,13.0,12.65999984741211,12.65999984741211
16-11-2017,12.609999656677246,12.770000457763672,1208600,14.09000015258789,13.539999961853027,13.539999961853027
17-11-2017,13.5,13.6899995803833,821800,14.0600004196167,13.6899995803833,13.6899995803833
20-11-2017,13.630000114440918,13.739999771118164,824600,14.140000343322754,14.069999694824219,14.069999694824219
21-11-2017,13.619999885559082,14.050000190734863,329100,14.319999694824219,13.720000267028809,13.720000267028809
22-11-2017,13.4399995803833,13.649999618530273,268500,13.90999984741211,13.489999771118164,13.489999771118164
24-11-2017,13.350000381469727,13.430000305175781,164100,13.699999809265137,13.40999984741211,13.40999984741211
27-11-2017,13.5,13.5,384300,14.029999732971191,13.859999656677246,13.859999656677246
28-11-2017,13.729999542236328,13.890000343322754,381800,14.350000381469727,14.260000228881836,14.260000228881836
29-11-2017,14.15999984741211,14.34000015258789,586500,14.65999984741211,14.5,14.5
30-11-2017,14.345000267028809,14.520000457763672,509500,15.0,14.8100004196167,14.8100004196167
01-12-2017,14.100000381469727,14.6899995803833,379600,14.789999961853027,14.390000343322754,14.390000343322754
04-12-2017,14.550000190734863,14.5600004196167,815600,15.539999961853027,15.350000381469727,15.350000381469727
05-12-2017,14.34000015258789,15.40999984741211,549900,15.4399995803833,15.0,15.0
06-12-2017,14.789999961853027,15.0,361600,15.359999656677246,14.800000190734863,14.800000190734863
07-12-2017,14.819999694824219,14.869999885559082,297800,15.550000190734863,15.149999618530273,15.149999618530273
08-12-2017,14.85099983215332,15.220000267028809,215800,15.390000343322754,15.300000190734863,15.300000190734863
11-12-2017,15.050000190734863,15.319999694824219,147900,15.368000030517578,15.069999694824219,15.069999694824219
12-12-2017,14.864999771118164,15.15999984741211,155300,15.369999885559082,14.899999618530273,14.899999618530273
13-12-2017,14.904999732971191,14.930000305175781,402000,15.670000076293945,15.390000343322754,15.390000343322754
14-12-2017,14.920000076293945,15.369999885559082,200500,15.550000190734863,15.0,15.0
15-12-2017,15.0,15.109999656677246,202000,15.399999618530273,15.010000228881836,15.010000228881836
18-12-2017,15.239999771118164,15.239999771118164,461900,16.204999923706055,15.960000038146973,15.960000038146973
19-12-2017,15.640000343322754,16.079999923706055,239600,16.110000610351562,15.899999618530273,15.899999618530273
20-12-2017,15.670000076293945,16.010000228881836,124000,16.170000076293945,15.930000305175781,15.930000305175781
21-12-2017,15.760000228881836,16.040000915527344,288900,16.610000610351562,16.450000762939453,16.450000762939453
22-12-2017,16.290000915527344,16.450000762939453,290800,16.809999465942383,16.739999771118164,16.739999771118164
26-12-2017,16.780000686645508,16.790000915527344,398900,17.55500030517578,17.329999923706055,17.329999923706055
27-12-2017,16.959999084472656,17.209999084472656,323700,17.549999237060547,17.399999618530273,17.399999618530273
28-12-2017,17.208999633789062,17.299999237060547,352800,17.68000030517578,17.309999465942383,17.309999465942383
29-12-2017,16.389999389648438,17.329999923706055,514200,17.395000457763672,16.610000610351562,16.610000610351562
02-01-2018,16.850000381469727,16.850000381469727,278300,17.540000915527344,17.329999923706055,17.329999923706055
03-01-2018,17.09000015258789,17.399999618530273,331500,17.450000762939453,17.260000228881836,17.260000228881836
04-01-2018,16.516000747680664,17.260000228881836,351500,17.260000228881836,17.059999465942383,17.059999465942383
05-01-2018,16.75,17.040000915527344,687300,17.540000915527344,16.940000534057617,16.940000534057617
08-01-2018,16.43000030517578,17.530000686645508,906000,18.0,17.969999313354492,17.969999313354492
09-01-2018,17.360000610351562,18.0,619800,18.469999313354492,17.8700008392334,17.8700008392334
10-01-2018,17.690000534057617,18.110000610351562,391200,18.670000076293945,18.420000076293945,18.420000076293945
11-01-2018,18.56999969482422,18.65999984741211,536000,19.299999237060547,19.010000228881836,19.010000228881836
12-01-2018,18.989999771118164,19.59000015258789,540500,19.65999984741211,19.25,19.25
16-01-2018,19.030000686645508,19.329999923706055,567700,19.65999984741211,19.100000381469727,19.100000381469727
17-01-2018,17.270000457763672,17.979999542236328,1195200,18.350000381469727,18.0,18.0
18-01-2018,17.295000076293945,17.860000610351562,3920700,18.0,17.59000015258789,17.59000015258789
19-01-2018,17.5,17.700000762939453,1810200,18.420000076293945,18.290000915527344,18.290000915527344
22-01-2018,18.0,18.299999237060547,1214600,18.690000534057617,18.260000228881836,18.260000228881836
23-01-2018,18.010000228881836,18.229999542236328,618800,18.450000762939453,18.239999771118164,18.239999771118164
24-01-2018,17.360000610351562,18.3799991607666,930800,18.3799991607666,17.3799991607666,17.3799991607666
25-01-2018,17.010000228881836,17.389999389648438,766500,17.6200008392334,17.31999969482422,17.31999969482422
26-01-2018,16.860000610351562,17.360000610351562,1191600,17.520000457763672,17.34000015258789,17.34000015258789
29-01-2018,16.959999084472656,17.260000228881836,660200,17.540000915527344,17.389999389648438,17.389999389648438
30-01-2018,16.990999221801758,17.25,552200,17.420000076293945,17.040000915527344,17.040000915527344
31-01-2018,16.950000762939453,17.190000534057617,1053600,17.579999923706055,17.530000686645508,17.530000686645508
01-02-2018,17.190000534057617,17.3700008392334,2255900,19.010000228881836,18.6200008392334,18.6200008392334
02-02-2018,18.559999465942383,18.600000381469727,1852900,19.520000457763672,19.190000534057617,19.190000534057617
05-02-2018,18.360000610351562,18.950000762939453,1287500,19.84000015258789,18.360000610351562,18.360000610351562
06-02-2018,17.729999542236328,17.950000762939453,1081900,19.25,18.700000762939453,18.700000762939453
07-02-2018,18.420000076293945,18.719999313354492,1296800,20.200000762939453,19.8700008392334,19.8700008392334
08-02-2018,18.780000686645508,20.100000381469727,818600,20.309999465942383,18.780000686645508,18.780000686645508
09-02-2018,18.100000381469727,19.219999313354492,1131400,19.40999984741211,18.350000381469727,18.350000381469727
12-02-2018,17.299999237060547,18.40999984741211,894600,18.450000762939453,17.90999984741211,17.90999984741211
13-02-2018,17.8799991607666,17.8799991607666,786400,18.780000686645508,18.6299991607666,18.6299991607666
14-02-2018,18.184999465942383,18.3799991607666,593800,18.6299991607666,18.469999313354492,18.469999313354492
15-02-2018,17.979999542236328,18.639999389648438,411400,18.639999389648438,18.280000686645508,18.280000686645508
16-02-2018,17.520000457763672,18.290000915527344,656000,18.459999084472656,17.770000457763672,17.770000457763672
20-02-2018,16.31999969482422,17.600000381469727,840400,17.600000381469727,16.510000228881836,16.510000228881836
21-02-2018,16.551000595092773,16.65999984741211,615000,17.25,16.979999542236328,16.979999542236328
22-02-2018,16.959999084472656,17.030000686645508,416300,17.530000686645508,17.110000610351562,17.110000610351562
23-02-2018,16.739999771118164,17.200000762939453,518900,17.450000762939453,16.959999084472656,16.959999084472656
26-02-2018,17.110000610351562,17.110000610351562,509400,18.079999923706055,17.829999923706055,17.829999923706055
27-02-2018,17.739999771118164,17.950000762939453,534200,18.270000457763672,17.790000915527344,17.790000915527344
28-02-2018,17.559999465942383,17.899999618530273,430300,18.239999771118164,17.6200008392334,17.6200008392334
01-03-2018,17.371000289916992,17.6299991607666,788000,18.5,18.06999969482422,18.06999969482422
02-03-2018,17.489999771118164,17.799999237060547,609300,18.049999237060547,18.030000686645508,18.030000686645508
05-03-2018,17.59000015258789,17.850000381469727,553000,18.219999313354492,17.850000381469727,17.850000381469727
06-03-2018,17.7549991607666,17.860000610351562,536300,18.670000076293945,18.649999618530273,18.649999618530273
07-03-2018,17.92300033569336,18.43000030517578,425600,18.579999923706055,18.219999313354492,18.219999313354492
08-03-2018,18.030000686645508,18.209999084472656,406600,18.5,18.389999389648438,18.389999389648438
09-03-2018,18.299999237060547,18.479999542236328,476300,18.829999923706055,18.739999771118164,18.739999771118164
12-03-2018,18.309999465942383,18.729999542236328,501600,19.3799991607666,18.479999542236328,18.479999542236328
13-03-2018,18.37700080871582,18.520000457763672,533900,19.239999771118164,18.700000762939453,18.700000762939453
14-03-2018,18.290000915527344,18.770000457763672,429400,19.209999084472656,18.459999084472656,18.459999084472656
15-03-2018,17.809999465942383,18.56999969482422,502000,18.594999313354492,18.360000610351562,18.360000610351562
16-03-2018,18.389999389648438,18.40999984741211,995500,19.030000686645508,18.739999771118164,18.739999771118164
19-03-2018,18.3799991607666,18.639999389648438,305700,19.0,18.65999984741211,18.65999984741211
20-03-2018,18.270000457763672,18.68000030517578,363200,18.780000686645508,18.5,18.5
21-03-2018,18.209999084472656,18.530000686645508,237700,18.854999542236328,18.510000228881836,18.510000228881836
22-03-2018,16.860000610351562,18.260000228881836,490300,18.40999984741211,16.8700008392334,16.8700008392334
23-03-2018,16.809999465942383,17.0,345900,17.309999465942383,16.889999389648438,16.889999389648438
26-03-2018,17.030000686645508,17.219999313354492,315100,18.09000015258789,18.049999237060547,18.049999237060547
27-03-2018,17.079999923706055,17.979999542236328,340900,18.299999237060547,17.170000076293945,17.170000076293945
28-03-2018,17.09000015258789,17.200000762939453,271500,17.639999389648438,17.510000228881836,17.510000228881836
29-03-2018,17.479999542236328,17.479999542236328,217400,17.860000610351562,17.729999542236328,17.729999542236328
02-04-2018,16.709999084472656,17.600000381469727,609600,17.8700008392334,16.920000076293945,16.920000076293945
03-04-2018,16.989999771118164,17.0,220500,17.290000915527344,17.280000686645508,17.280000686645508
04-04-2018,16.850000381469727,16.940000534057617,293000,17.479999542236328,17.450000762939453,17.450000762939453
05-04-2018,17.360000610351562,17.559999465942383,369400,17.68000030517578,17.520000457763672,17.520000457763672
06-04-2018,17.3700008392334,17.3700008392334,271800,17.899999618530273,17.65999984741211,17.65999984741211
09-04-2018,17.239999771118164,17.809999465942383,210200,17.93000030517578,17.270000457763672,17.270000457763672
10-04-2018,17.290000915527344,17.489999771118164,253200,17.610000610351562,17.5,17.5
11-04-2018,17.239999771118164,17.3700008392334,236200,17.59000015258789,17.450000762939453,17.450000762939453
12-04-2018,17.3799991607666,17.520000457763672,220000,17.670000076293945,17.610000610351562,17.610000610351562
13-04-2018,17.219999313354492,17.709999084472656,229800,17.729999542236328,17.290000915527344,17.290000915527344
16-04-2018,17.020000457763672,17.40999984741211,187400,17.549999237060547,17.209999084472656,17.209999084472656
17-04-2018,17.209999084472656,17.420000076293945,330100,17.8700008392334,17.540000915527344,17.540000915527344
18-04-2018,17.649999618530273,17.649999618530273,399600,18.450000762939453,18.350000381469727,18.350000381469727
19-04-2018,18.049999237060547,18.25,367600,18.739999771118164,18.600000381469727,18.600000381469727
20-04-2018,18.350000381469727,18.450000762939453,257800,18.729999542236328,18.559999465942383,18.559999465942383
23-04-2018,18.81999969482422,19.010000228881836,954500,19.459999084472656,19.399999618530273,19.399999618530273
24-04-2018,19.280000686645508,19.600000381469727,729700,20.0,19.739999771118164,19.739999771118164
25-04-2018,19.479999542236328,19.649999618530273,366600,20.0,19.56999969482422,19.56999969482422
26-04-2018,19.540000915527344,19.649999618530273,695100,20.579999923706055,19.75,19.75
27-04-2018,19.726999282836914,19.75,355400,20.360000610351562,19.950000762939453,19.950000762939453
30-04-2018,19.469999313354492,20.049999237060547,532700,20.229999542236328,19.56999969482422,19.56999969482422
01-05-2018,18.809999465942383,19.459999084472656,274400,19.540000915527344,19.200000762939453,19.200000762939453
02-05-2018,18.950000762939453,19.290000915527344,610400,19.899999618530273,19.729999542236328,19.729999542236328
03-05-2018,19.110000610351562,19.610000610351562,466400,19.81999969482422,19.670000076293945,19.670000076293945
04-05-2018,19.209999084472656,19.579999923706055,392500,19.729999542236328,19.40999984741211,19.40999984741211
07-05-2018,19.469999313354492,19.5,345200,20.209999084472656,20.1200008392334,20.1200008392334
08-05-2018,20.049999237060547,20.049999237060547,386900,20.780000686645508,20.239999771118164,20.239999771118164
09-05-2018,20.209999084472656,20.260000228881836,427000,20.850000381469727,20.81999969482422,20.81999969482422
10-05-2018,20.479999542236328,20.829999923706055,322700,20.969999313354492,20.530000686645508,20.530000686645508
11-05-2018,20.510000228881836,20.610000610351562,606900,20.8700008392334,20.81999969482422,20.81999969482422
14-05-2018,20.905000686645508,20.989999771118164,1161900,22.170000076293945,21.5,21.5
15-05-2018,21.40999984741211,21.510000228881836,1627900,21.989999771118164,21.959999084472656,21.959999084472656
16-05-2018,24.280000686645508,25.639999389648438,7446900,26.25,24.520000457763672,24.520000457763672
17-05-2018,23.889999389648438,24.690000534057617,1541500,25.3799991607666,24.489999771118164,24.489999771118164
18-05-2018,23.049999237060547,23.06999969482422,4761100,23.739999771118164,23.399999618530273,23.399999618530273
21-05-2018,23.540000915527344,23.56999969482422,1409100,23.829999923706055,23.829999923706055,23.829999923706055
22-05-2018,23.34000015258789,23.8700008392334,930700,24.100000381469727,23.3799991607666,23.3799991607666
23-05-2018,23.149999618530273,23.239999771118164,705000,23.75,23.530000686645508,23.530000686645508
24-05-2018,23.43000030517578,23.43000030517578,643000,24.315000534057617,23.920000076293945,23.920000076293945
25-05-2018,23.670000076293945,23.829999923706055,540800,24.200000762939453,24.030000686645508,24.030000686645508
29-05-2018,23.690000534057617,23.90999984741211,907100,24.3799991607666,24.139999389648438,24.139999389648438
30-05-2018,24.059999465942383,24.18000030517578,1038000,25.0,24.510000228881836,24.510000228881836
31-05-2018,23.520000457763672,24.549999237060547,1219300,24.549999237060547,23.68000030517578,23.68000030517578
01-06-2018,23.799999237060547,23.889999389648438,1169600,24.920000076293945,24.65999984741211,24.65999984741211
04-06-2018,24.395000457763672,24.829999923706055,754000,25.0,24.520000457763672,24.520000457763672
05-06-2018,24.34000015258789,24.40999984741211,501500,24.889999389648438,24.420000076293945,24.420000076293945
06-06-2018,23.049999237060547,24.5,810400,24.844999313354492,23.649999618530273,23.649999618530273
07-06-2018,23.34000015258789,23.780000686645508,336900,23.959999084472656,23.56999969482422,23.56999969482422
08-06-2018,23.31999969482422,23.469999313354492,385700,23.600000381469727,23.489999771118164,23.489999771118164
11-06-2018,22.549999237060547,23.489999771118164,592600,23.604999542236328,23.260000228881836,23.260000228881836
12-06-2018,22.860000610351562,23.5,603600,23.84000015258789,23.0,23.0
13-06-2018,22.56999969482422,22.979999542236328,1448900,23.309999465942383,22.75,22.75
14-06-2018,22.31999969482422,22.760000228881836,477500,23.110000610351562,22.75,22.75
15-06-2018,22.260000228881836,22.59000015258789,963800,22.950000762939453,22.639999389648438,22.639999389648438
18-06-2018,22.270000457763672,22.43000030517578,541900,23.104999542236328,22.959999084472656,22.959999084472656
19-06-2018,21.940000534057617,22.780000686645508,655600,22.882999420166016,22.670000076293945,22.670000076293945
20-06-2018,22.1200008392334,22.829999923706055,425000,22.850000381469727,22.489999771118164,22.489999771118164
21-06-2018,22.15999984741211,22.450000762939453,506500,22.950000762939453,22.489999771118164,22.489999771118164
22-06-2018,22.06999969482422,22.579999923706055,1054000,22.799999237060547,22.389999389648438,22.389999389648438
25-06-2018,21.579999923706055,22.31999969482422,428000,22.31999969482422,21.780000686645508,21.780000686645508
26-06-2018,21.579999923706055,21.850000381469727,557600,22.420000076293945,22.329999923706055,22.329999923706055
27-06-2018,21.65999984741211,22.360000610351562,509400,22.690000534057617,21.670000076293945,21.670000076293945
28-06-2018,21.299999237060547,21.649999618530273,342900,21.84000015258789,21.520000457763672,21.520000457763672
29-06-2018,20.485000610351562,21.770000457763672,557600,21.770000457763672,20.75,20.75
02-07-2018,20.270000457763672,20.59000015258789,439000,21.3799991607666,21.31999969482422,21.31999969482422
03-07-2018,21.350000381469727,21.5,243300,22.010000228881836,21.649999618530273,21.649999618530273
05-07-2018,21.389999389648438,21.81999969482422,576900,22.135000228881836,22.100000381469727,22.100000381469727
06-07-2018,22.229999542236328,22.229999542236328,967200,23.790000915527344,23.31999969482422,23.31999969482422
09-07-2018,23.110000610351562,23.360000610351562,749200,23.969999313354492,23.459999084472656,23.459999084472656
10-07-2018,22.84000015258789,23.34000015258789,328600,23.440000534057617,23.06999969482422,23.06999969482422
11-07-2018,22.43000030517578,22.940000534057617,552800,22.940000534057617,22.729999542236328,22.729999542236328
12-07-2018,22.049999237060547,22.75,591300,23.260000228881836,22.799999237060547,22.799999237060547
13-07-2018,22.60300064086914,22.780000686645508,476600,23.1299991607666,22.950000762939453,22.950000762939453
16-07-2018,22.790000915527344,23.040000915527344,348400,23.389999389648438,23.110000610351562,23.110000610351562
17-07-2018,23.110000610351562,23.110000610351562,614000,23.799999237060547,23.739999771118164,23.739999771118164
18-07-2018,23.729999542236328,23.860000610351562,823600,24.329999923706055,24.190000534057617,24.190000534057617
19-07-2018,23.954999923706055,24.1299991607666,379700,24.969999313354492,24.639999389648438,24.639999389648438
20-07-2018,24.229999542236328,24.520000457763672,265400,24.6200008392334,24.389999389648438,24.389999389648438
23-07-2018,24.424999237060547,24.43000030517578,742600,25.219999313354492,24.959999084472656,24.959999084472656
24-07-2018,23.799999237060547,24.969999313354492,587300,25.0,24.200000762939453,24.200000762939453
25-07-2018,24.06999969482422,24.100000381469727,541300,24.93000030517578,24.81999969482422,24.81999969482422
26-07-2018,24.7450008392334,24.8799991607666,539400,25.450000762939453,25.030000686645508,25.030000686645508
27-07-2018,23.899999618530273,25.0,433100,25.260000228881836,23.979999542236328,23.979999542236328
30-07-2018,23.18000030517578,24.040000915527344,353800,24.139999389648438,23.350000381469727,23.350000381469727
31-07-2018,23.145000457763672,23.399999618530273,321400,23.579999923706055,23.389999389648438,23.389999389648438
01-08-2018,23.079999923706055,23.260000228881836,1142000,23.84000015258789,23.450000762939453,23.450000762939453
02-08-2018,22.93000030517578,23.260000228881836,375900,23.56999969482422,23.479999542236328,23.479999542236328
03-08-2018,22.940000534057617,23.399999618530273,526700,23.670000076293945,23.079999923706055,23.079999923706055
06-08-2018,22.899999618530273,23.040000915527344,429900,23.639999389648438,23.56999969482422,23.56999969482422
07-08-2018,23.1299991607666,23.68000030517578,536400,24.139999389648438,23.229999542236328,23.229999542236328
08-08-2018,25.5,26.0,2606800,27.041000366210938,26.649999618530273,26.649999618530273
09-08-2018,26.0,26.75,1022400,27.760000228881836,26.170000076293945,26.170000076293945
10-08-2018,26.0,26.09000015258789,587700,27.149999618530273,26.530000686645508,26.530000686645508
13-08-2018,26.639999389648438,26.700000762939453,632400,27.31999969482422,26.8799991607666,26.8799991607666
14-08-2018,26.850000381469727,26.940000534057617,1296300,28.299999237060547,28.18000030517578,28.18000030517578
15-08-2018,26.030000686645508,28.0,735100,28.0,26.549999237060547,26.549999237060547
16-08-2018,26.34000015258789,26.75,1115000,27.3799991607666,26.549999237060547,26.549999237060547
17-08-2018,26.34000015258789,26.5,534500,27.350000381469727,27.09000015258789,27.09000015258789
20-08-2018,27.0,27.31999969482422,434900,27.6200008392334,27.59000015258789,27.59000015258789
21-08-2018,27.110000610351562,27.649999618530273,392700,27.950000762939453,27.690000534057617,27.690000534057617
22-08-2018,27.170000076293945,27.780000686645508,496500,28.229999542236328,27.239999771118164,27.239999771118164
23-08-2018,26.360000610351562,27.15999984741211,447200,27.15999984741211,26.719999313354492,26.719999313354492
24-08-2018,25.65999984741211,26.610000610351562,513200,26.739999771118164,26.68000030517578,26.68000030517578
27-08-2018,26.670000076293945,26.670000076293945,1046900,28.09000015258789,27.579999923706055,27.579999923706055
28-08-2018,27.674999237060547,27.780000686645508,882800,28.799999237060547,28.700000762939453,28.700000762939453
29-08-2018,28.309999465942383,28.75,616500,29.229999542236328,29.100000381469727,29.100000381469727
30-08-2018,29.06999969482422,29.06999969482422,861800,30.260000228881836,29.350000381469727,29.350000381469727
31-08-2018,29.170000076293945,29.239999771118164,480500,29.959999084472656,29.93000030517578,29.93000030517578
04-09-2018,28.7549991607666,29.8799991607666,827200,30.0,29.940000534057617,29.940000534057617
05-09-2018,29.290000915527344,29.799999237060547,624200,30.600000381469727,30.049999237060547,30.049999237060547
06-09-2018,29.719999313354492,30.100000381469727,591500,30.860000610351562,29.729999542236328,29.729999542236328
07-09-2018,29.680999755859375,29.729999542236328,545900,31.229999542236328,30.399999618530273,30.399999618530273
10-09-2018,30.280000686645508,30.479999542236328,501900,31.270000457763672,30.75,30.75
11-09-2018,30.264999389648438,30.760000228881836,595600,31.40999984741211,31.0,31.0
12-09-2018,30.472000122070312,31.079999923706055,473400,31.479999542236328,31.389999389648438,31.389999389648438
13-09-2018,29.920000076293945,31.530000686645508,669800,31.614999771118164,30.1299991607666,30.1299991607666
14-09-2018,29.190000534057617,30.1299991607666,706500,30.25,29.68000030517578,29.68000030517578
17-09-2018,29.34000015258789,30.270000457763672,887700,30.850000381469727,29.510000228881836,29.510000228881836
18-09-2018,29.290000915527344,29.5,570200,29.871999740600586,29.549999237060547,29.549999237060547
19-09-2018,28.635000228881836,29.510000228881836,525500,29.65999984741211,28.8700008392334,28.8700008392334
20-09-2018,28.09000015258789,28.979999542236328,485800,29.23699951171875,28.209999084472656,28.209999084472656
21-09-2018,27.639999389648438,28.420000076293945,1537900,28.63599967956543,27.709999084472656,27.709999084472656
24-09-2018,27.770000457763672,27.899999618530273,606900,28.719999313354492,28.520000457763672,28.520000457763672
25-09-2018,27.93000030517578,28.729999542236328,741400,29.020000457763672,28.75,28.75
26-09-2018,28.530000686645508,28.780000686645508,631400,29.309999465942383,28.649999618530273,28.649999618530273
27-09-2018,27.84000015258789,28.75,514600,29.06999969482422,28.049999237060547,28.049999237060547
28-09-2018,27.799999237060547,27.940000534057617,500100,28.850000381469727,28.40999984741211,28.40999984741211
01-10-2018,28.0,28.25,740900,29.674999237060547,29.469999313354492,29.469999313354492
02-10-2018,29.110000610351562,29.540000915527344,925500,29.93000030517578,29.219999313354492,29.219999313354492
03-10-2018,28.25,29.43000030517578,647700,29.59000015258789,29.200000762939453,29.200000762939453
04-10-2018,25.850000381469727,29.030000686645508,1042800,29.160999298095703,26.59000015258789,26.59000015258789
05-10-2018,24.860000610351562,26.6200008392334,708700,26.889999389648438,25.709999084472656,25.709999084472656
08-10-2018,25.229999542236328,25.700000762939453,486000,26.079999923706055,25.969999313354492,25.969999313354492
09-10-2018,25.719999313354492,26.700000762939453,569400,27.030000686645508,26.209999084472656,26.209999084472656
10-10-2018,24.8799991607666,25.93000030517578,512300,26.299999237060547,24.90999984741211,24.90999984741211
11-10-2018,24.889999389648438,25.0,633800,26.68000030517578,25.760000228881836,25.760000228881836
12-10-2018,25.959999084472656,26.309999465942383,714200,27.239999771118164,27.1299991607666,27.1299991607666
15-10-2018,26.875,27.110000610351562,641000,27.799999237060547,27.530000686645508,27.530000686645508
16-10-2018,26.950000762939453,27.65999984741211,839200,28.700000762939453,28.59000015258789,28.59000015258789
17-10-2018,27.739999771118164,29.260000228881836,1145600,29.260000228881836,28.469999313354492,28.469999313354492
18-10-2018,27.690000534057617,28.1200008392334,693000,28.700000762939453,27.790000915527344,27.790000915527344
19-10-2018,27.760000228881836,27.969999313354492,630900,28.389999389648438,27.920000076293945,27.920000076293945
22-10-2018,27.239999771118164,28.0,1049500,28.549999237060547,28.43000030517578,28.43000030517578
23-10-2018,26.229999542236328,28.079999923706055,871500,28.177000045776367,27.899999618530273,27.899999618530273
24-10-2018,26.850000381469727,27.889999389648438,932000,28.3799991607666,26.899999618530273,26.899999618530273
25-10-2018,26.360000610351562,27.040000915527344,1227400,28.450000762939453,28.15999984741211,28.15999984741211
26-10-2018,23.440000534057617,28.09000015258789,2434200,28.09000015258789,25.290000915527344,25.290000915527344
29-10-2018,23.100000381469727,25.399999618530273,1377100,26.020000457763672,23.389999389648438,23.389999389648438
30-10-2018,23.100000381469727,23.420000076293945,1390200,24.40999984741211,24.219999313354492,24.219999313354492
31-10-2018,24.3700008392334,24.56999969482422,836600,25.309999465942383,24.68000030517578,24.68000030517578
01-11-2018,24.3700008392334,24.65999984741211,663500,25.530000686645508,25.3700008392334,25.3700008392334
02-11-2018,24.920000076293945,25.5,457600,26.100000381469727,25.649999618530273,25.649999618530273
05-11-2018,25.200000762939453,25.65999984741211,383000,25.90999984741211,25.829999923706055,25.829999923706055
06-11-2018,24.889999389648438,25.829999923706055,385000,26.0,25.139999389648438,25.139999389648438
07-11-2018,24.68000030517578,25.25,388800,25.540000915527344,25.479999542236328,25.479999542236328
08-11-2018,25.549999237060547,25.549999237060547,719100,26.600000381469727,25.989999771118164,25.989999771118164
09-11-2018,24.68000030517578,25.850000381469727,350000,26.260000228881836,25.170000076293945,25.170000076293945
12-11-2018,24.374000549316406,25.18000030517578,606900,25.770000457763672,25.149999618530273,25.149999618530273
13-11-2018,24.790000915527344,25.360000610351562,902400,26.110000610351562,24.899999618530273,24.899999618530273
14-11-2018,22.322999954223633,25.1200008392334,1352100,25.799999237060547,22.56999969482422,22.56999969482422
15-11-2018,21.709999084472656,22.5,1190200,22.690000534057617,22.110000610351562,22.110000610351562
16-11-2018,21.110000610351562,21.889999389648438,876400,22.100000381469727,21.149999618530273,21.149999618530273
19-11-2018,20.079999923706055,21.510000228881836,1457400,21.920000076293945,20.709999084472656,20.709999084472656
20-11-2018,19.100000381469727,19.809999465942383,1180600,20.459999084472656,19.18000030517578,19.18000030517578
21-11-2018,19.290000915527344,19.479999542236328,909600,20.829999923706055,20.709999084472656,20.709999084472656
23-11-2018,20.18000030517578,20.25,257900,20.809999465942383,20.540000915527344,20.540000915527344
26-11-2018,20.790000915527344,20.790000915527344,932000,21.68000030517578,21.540000915527344,21.540000915527344
27-11-2018,20.812000274658203,21.200000762939453,515300,21.299999237060547,21.010000228881836,21.010000228881836
28-11-2018,20.829999923706055,21.110000610351562,593800,22.040000915527344,22.020000457763672,22.020000457763672
29-11-2018,21.719999313354492,22.0,864200,22.586000442504883,22.239999771118164,22.239999771118164
30-11-2018,21.65999984741211,22.15999984741211,795000,22.649999618530273,22.639999389648438,22.639999389648438
03-12-2018,23.110000610351562,23.3799991607666,1205800,24.459999084472656,24.209999084472656,24.209999084472656
04-12-2018,22.239999771118164,24.1200008392334,1178500,24.1200008392334,22.59000015258789,22.59000015258789
06-12-2018,21.469999313354492,22.010000228881836,946700,22.479999542236328,22.0,22.0
07-12-2018,19.8799991607666,22.170000076293945,1192000,22.68000030517578,20.25,20.25
10-12-2018,19.139999389648438,20.25,1102000,20.665000915527344,19.139999389648438,19.139999389648438
11-12-2018,18.6299991607666,19.6299991607666,1261900,19.964000701904297,18.8700008392334,18.8700008392334
12-12-2018,18.139999389648438,18.950000762939453,1511900,19.184999465942383,18.25,18.25
13-12-2018,16.405000686645508,18.34000015258789,2208400,18.420000076293945,16.56999969482422,16.56999969482422
14-12-2018,16.389999389648438,16.389999389648438,1305100,17.360000610351562,16.8700008392334,16.8700008392334
17-12-2018,15.6899995803833,16.56999969482422,1529000,16.760000228881836,15.90999984741211,15.90999984741211
18-12-2018,16.1200008392334,16.15999984741211,1041300,17.219999313354492,16.690000534057617,16.690000534057617
19-12-2018,16.270000457763672,16.68000030517578,1263100,17.1200008392334,16.420000076293945,16.420000076293945
20-12-2018,15.720000267028809,16.290000915527344,911100,16.799999237060547,16.31999969482422,16.31999969482422
21-12-2018,15.645999908447266,16.459999084472656,1346300,16.610000610351562,15.720000267028809,15.720000267028809
24-12-2018,15.010000228881836,15.510000228881836,485700,15.859999656677246,15.510000228881836,15.510000228881836
26-12-2018,15.4399995803833,15.729999542236328,570000,16.920000076293945,16.8799991607666,16.8799991607666
27-12-2018,15.960000038146973,16.600000381469727,456700,16.780000686645508,16.780000686645508,16.780000686645508
28-12-2018,16.700000762939453,16.780000686645508,650600,17.719999313354492,17.149999618530273,17.149999618530273
31-12-2018,16.683000564575195,17.200000762939453,675600,17.39900016784668,17.030000686645508,17.030000686645508
02-01-2019,16.239999771118164,16.34000015258789,1245400,17.719999313354492,17.56999969482422,17.56999969482422
03-01-2019,16.59000015258789,17.3700008392334,751900,17.81999969482422,17.43000030517578,17.43000030517578
04-01-2019,17.55699920654297,17.649999618530273,1231200,18.6200008392334,18.239999771118164,18.239999771118164
07-01-2019,18.81999969482422,19.020000457763672,1437600,19.8799991607666,19.389999389648438,19.389999389648438
08-01-2019,19.12700080871582,19.489999771118164,865600,19.899999618530273,19.8799991607666,19.8799991607666
09-01-2019,19.520000457763672,19.8799991607666,570700,20.040000915527344,19.770000457763672,19.770000457763672
10-01-2019,18.43000030517578,19.079999923706055,921400,19.459999084472656,19.440000534057617,19.440000534057617
11-01-2019,19.049999237060547,19.309999465942383,1472900,19.799999237060547,19.389999389648438,19.389999389648438
14-01-2019,21.1299991607666,21.31999969482422,3950500,22.40999984741211,22.0,22.0
15-01-2019,20.260000228881836,22.040000915527344,1489500,22.1299991607666,22.049999237060547,22.049999237060547
16-01-2019,21.420000076293945,21.940000534057617,783700,22.229999542236328,21.700000762939453,21.700000762939453
17-01-2019,20.940000534057617,21.56999969482422,727000,22.139999389648438,22.049999237060547,22.049999237060547
18-01-2019,21.25,21.739999771118164,1527700,23.059999465942383,22.850000381469727,22.850000381469727
22-01-2019,21.520000457763672,22.649999618530273,916400,22.68000030517578,21.8700008392334,21.8700008392334
23-01-2019,21.34000015258789,22.209999084472656,1041800,22.40999984741211,21.65999984741211,21.65999984741211
24-01-2019,21.290000915527344,21.670000076293945,417700,21.854999542236328,21.799999237060547,21.799999237060547
25-01-2019,22.059999465942383,22.1200008392334,631300,22.9950008392334,22.6200008392334,22.6200008392334
28-01-2019,22.030000686645508,22.260000228881836,738400,23.18000030517578,22.979999542236328,22.979999542236328
29-01-2019,22.434999465942383,23.0,628100,23.15999984741211,23.040000915527344,23.040000915527344
30-01-2019,22.709999084472656,23.270000457763672,657300,23.56999969482422,23.34000015258789,23.34000015258789
31-01-2019,23.139999389648438,23.25,989200,23.81999969482422,23.43000030517578,23.43000030517578
01-02-2019,22.81999969482422,23.520000457763672,917600,23.520000457763672,23.209999084472656,23.209999084472656
04-02-2019,22.735000610351562,23.200000762939453,1692800,23.31999969482422,23.31999969482422,23.31999969482422
05-02-2019,22.739999771118164,23.40999984741211,1120800,23.739999771118164,23.469999313354492,23.469999313354492
06-02-2019,23.670000076293945,23.760000228881836,2939800,25.739999771118164,25.489999771118164,25.489999771118164
07-02-2019,24.739999771118164,25.34000015258789,881100,25.360000610351562,25.100000381469727,25.100000381469727
08-02-2019,24.690000534057617,25.0,942700,25.350000381469727,25.049999237060547,25.049999237060547
11-02-2019,24.950000762939453,25.25,859100,26.09000015258789,26.0,26.0
12-02-2019,26.110000610351562,26.290000915527344,820400,26.829999923706055,26.780000686645508,26.780000686645508
13-02-2019,26.399999618530273,26.979999542236328,905700,27.399999618530273,27.229999542236328,27.229999542236328
14-02-2019,26.520000457763672,27.1299991607666,470400,27.290000915527344,26.959999084472656,26.959999084472656
15-02-2019,27.0,27.100000381469727,568300,27.889999389648438,27.780000686645508,27.780000686645508
19-02-2019,27.389999389648438,27.6200008392334,977200,28.59000015258789,28.459999084472656,28.459999084472656
20-02-2019,28.030000686645508,28.469999313354492,624500,28.799999237060547,28.350000381469727,28.350000381469727
21-02-2019,27.399999618530273,28.25,650200,28.31999969482422,27.6299991607666,27.6299991607666
22-02-2019,27.770000457763672,27.770000457763672,656400,28.979999542236328,28.84000015258789,28.84000015258789
25-02-2019,28.760000228881836,29.0,497000,29.549999237060547,29.209999084472656,29.209999084472656
26-02-2019,28.729999542236328,29.18000030517578,597500,29.5,28.84000015258789,28.84000015258789
27-02-2019,28.64900016784668,28.860000610351562,597300,29.493999481201172,28.860000610351562,28.860000610351562
28-02-2019,28.09000015258789,28.670000076293945,496800,28.81999969482422,28.5,28.5
01-03-2019,28.260000228881836,29.209999084472656,889800,29.780000686645508,28.3700008392334,28.3700008392334
04-03-2019,27.854999542236328,28.56999969482422,458300,28.732999801635742,28.420000076293945,28.420000076293945
05-03-2019,28.200000762939453,28.530000686645508,424800,28.860000610351562,28.5,28.5
06-03-2019,27.21500015258789,28.6299991607666,920500,28.989999771118164,27.56999969482422,27.56999969482422
07-03-2019,26.84000015258789,27.290000915527344,645100,27.90999984741211,27.700000762939453,27.700000762939453
08-03-2019,26.8700008392334,27.229999542236328,401100,27.920000076293945,27.690000534057617,27.690000534057617
11-03-2019,27.739999771118164,27.739999771118164,622700,28.940000534057617,28.43000030517578,28.43000030517578
12-03-2019,28.09000015258789,28.780000686645508,677100,28.975000381469727,28.200000762939453,28.200000762939453
13-03-2019,27.770000457763672,28.209999084472656,1254600,28.690000534057617,28.110000610351562,28.110000610351562
14-03-2019,26.985000610351562,27.899999618530273,589600,27.96500015258789,27.1200008392334,27.1200008392334
15-03-2019,26.8700008392334,27.329999923706055,1075700,27.760000228881836,27.5,27.5
18-03-2019,27.43000030517578,27.43000030517578,399200,28.290000915527344,27.959999084472656,27.959999084472656
19-03-2019,27.040000915527344,27.959999084472656,439600,27.959999084472656,27.209999084472656,27.209999084472656
20-03-2019,26.229999542236328,27.209999084472656,527100,27.389999389648438,26.850000381469727,26.850000381469727
21-03-2019,26.6299991607666,26.790000915527344,379400,27.639999389648438,27.299999237060547,27.299999237060547
22-03-2019,26.40999984741211,27.049999237060547,437400,27.450000762939453,27.06999969482422,27.06999969482422
25-03-2019,26.90999984741211,27.100000381469727,456700,28.131000518798828,28.030000686645508,28.030000686645508
26-03-2019,28.135000228881836,28.219999313354492,493700,28.850000381469727,28.389999389648438,28.389999389648438
27-03-2019,27.6200008392334,28.420000076293945,510100,29.170000076293945,28.8700008392334,28.8700008392334
28-03-2019,28.6299991607666,29.1200008392334,300500,29.68000030517578,29.31999969482422,29.31999969482422
29-03-2019,29.110000610351562,29.530000686645508,492200,29.729999542236328,29.440000534057617,29.440000534057617
01-04-2019,29.53499984741211,29.600000381469727,663900,30.739999771118164,30.190000534057617,30.190000534057617
02-04-2019,29.229999542236328,30.219999313354492,591000,30.319000244140625,29.5,29.5
03-04-2019,29.309999465942383,29.75,438500,29.829999923706055,29.399999618530273,29.399999618530273
04-04-2019,28.8700008392334,29.399999618530273,623300,29.65999984741211,29.600000381469727,29.600000381469727
05-04-2019,30.889999389648438,31.5,3528800,32.209999084472656,30.90999984741211,30.90999984741211
08-04-2019,30.833999633789062,30.90999984741211,1255800,31.34000015258789,30.889999389648438,30.889999389648438
09-04-2019,29.899999618530273,30.770000457763672,1183400,31.459999084472656,30.1200008392334,30.1200008392334
10-04-2019,29.90999984741211,30.1299991607666,6900400,30.579999923706055,30.34000015258789,30.34000015258789
11-04-2019,29.003999710083008,30.290000915527344,1215500,30.44499969482422,29.389999389648438,29.389999389648438
12-04-2019,29.459999084472656,29.600000381469727,829900,30.56999969482422,30.389999389648438,30.389999389648438
15-04-2019,30.170000076293945,30.389999389648438,755400,31.68000030517578,31.229999542236328,31.229999542236328
16-04-2019,31.219999313354492,31.219999313354492,656000,32.15999984741211,31.65999984741211,31.65999984741211
17-04-2019,30.149999618530273,31.829999923706055,1355600,32.09000015258789,30.3799991607666,30.3799991607666
18-04-2019,29.719999313354492,30.239999771118164,850900,30.621000289916992,29.829999923706055,29.829999923706055
22-04-2019,28.479999542236328,29.81999969482422,827500,30.149999618530273,28.860000610351562,28.860000610351562
23-04-2019,28.969999313354492,28.979999542236328,533200,29.510000228881836,29.3799991607666,29.3799991607666
24-04-2019,28.90999984741211,29.479999542236328,577100,29.860000610351562,28.989999771118164,28.989999771118164
25-04-2019,28.610000610351562,28.979999542236328,568000,29.510000228881836,29.329999923706055,29.329999923706055
26-04-2019,28.770000457763672,29.15999984741211,380600,29.670000076293945,29.579999923706055,29.579999923706055
29-04-2019,28.780000686645508,29.579999923706055,481100,29.770000457763672,28.799999237060547,28.799999237060547
30-04-2019,27.920000076293945,28.56999969482422,606700,28.850000381469727,28.790000915527344,28.790000915527344
01-05-2019,28.860000610351562,28.989999771118164,539600,29.670000076293945,29.110000610351562,29.110000610351562
02-05-2019,29.110000610351562,29.110000610351562,290600,29.8799991607666,29.860000610351562,29.860000610351562
03-05-2019,29.899999618530273,30.1200008392334,443100,30.940000534057617,30.940000534057617,30.940000534057617
06-05-2019,30.09000015258789,30.239999771118164,478000,30.639999389648438,30.350000381469727,30.350000381469727
07-05-2019,29.299999237060547,30.149999618530273,617000,30.309999465942383,29.649999618530273,29.649999618530273
08-05-2019,29.010000228881836,29.6200008392334,733800,29.979999542236328,29.290000915527344,29.290000915527344
09-05-2019,28.200000762939453,28.899999618530273,610700,29.489999771118164,29.059999465942383,29.059999465942383
10-05-2019,28.274999618530273,29.3799991607666,659500,29.610000610351562,29.34000015258789,29.34000015258789
13-05-2019,25.1299991607666,28.200000762939453,1491400,28.229999542236328,26.229999542236328,26.229999542236328
14-05-2019,25.90999984741211,26.639999389648438,949400,27.1299991607666,27.010000228881836,27.010000228881836
15-05-2019,26.25,26.75,595700,27.510000228881836,27.15999984741211,27.15999984741211
16-05-2019,27.28499984741211,27.350000381469727,1126500,27.969999313354492,27.3799991607666,27.3799991607666
17-05-2019,26.235000610351562,27.299999237060547,2865200,29.8700008392334,26.34000015258789,26.34000015258789
20-05-2019,25.709999084472656,25.940000534057617,2076600,28.90999984741211,28.6299991607666,28.6299991607666
21-05-2019,27.559999465942383,29.139999389648438,1132200,29.68000030517578,29.5,29.5
22-05-2019,29.059999465942383,29.059999465942383,716400,30.290000915527344,30.06999969482422,30.06999969482422
23-05-2019,29.743000030517578,29.790000915527344,1192500,31.0,29.989999771118164,29.989999771118164
24-05-2019,29.440000534057617,30.190000534057617,792900,30.6299991607666,30.100000381469727,30.100000381469727
28-05-2019,29.059999465942383,30.329999923706055,806700,30.6299991607666,29.260000228881836,29.260000228881836
29-05-2019,27.579999923706055,28.899999618530273,943100,28.899999618530273,27.809999465942383,27.809999465942383
30-05-2019,27.850000381469727,27.969999313354492,694500,29.079999923706055,28.579999923706055,28.579999923706055
31-05-2019,25.25,27.100000381469727,1593600,27.459999084472656,26.1299991607666,26.1299991607666
03-06-2019,25.780000686645508,25.989999771118164,749000,27.110000610351562,26.81999969482422,26.81999969482422
04-06-2019,26.510000228881836,27.260000228881836,678100,27.690000534057617,27.489999771118164,27.489999771118164
05-06-2019,26.8799991607666,27.75,958000,28.510000228881836,27.40999984741211,27.40999984741211
06-06-2019,26.739999771118164,27.200000762939453,783700,28.479999542236328,28.260000228881836,28.260000228881836
07-06-2019,28.360000610351562,28.360000610351562,986400,29.479999542236328,28.920000076293945,28.920000076293945
10-06-2019,29.110000610351562,29.110000610351562,739500,30.420000076293945,30.350000381469727,30.350000381469727
11-06-2019,30.309999465942383,30.559999465942383,773800,31.229999542236328,30.559999465942383,30.559999465942383
12-06-2019,30.062000274658203,30.549999237060547,648300,31.239999771118164,31.06999969482422,31.06999969482422
13-06-2019,31.149999618530273,31.31999969482422,845500,32.04999923706055,31.989999771118164,31.989999771118164
14-06-2019,31.790000915527344,31.920000076293945,937900,33.55500030517578,33.29999923706055,33.29999923706055
17-06-2019,33.470001220703125,33.470001220703125,1409500,34.61000061035156,33.88999938964844,33.88999938964844
18-06-2019,33.29999923706055,34.189998626708984,1223600,34.619998931884766,33.810001373291016,33.810001373291016
19-06-2019,32.08100128173828,34.4900016784668,1140200,34.4900016784668,32.56999969482422,32.56999969482422
20-06-2019,32.81999969482422,32.81999969482422,719700,33.959999084472656,33.79999923706055,33.79999923706055
21-06-2019,33.51499938964844,33.650001525878906,853200,34.63999938964844,34.529998779296875,34.529998779296875
24-06-2019,34.959999084472656,35.20000076293945,1182100,36.540000915527344,35.08000183105469,35.08000183105469
25-06-2019,33.900001525878906,35.15999984741211,775000,35.2400016784668,34.22999954223633,34.22999954223633
26-06-2019,33.41999816894531,34.2599983215332,799000,34.880001068115234,33.75,33.75
27-06-2019,33.7400016784668,33.93000030517578,651800,35.029998779296875,34.86000061035156,34.86000061035156
28-06-2019,34.84000015258789,34.84000015258789,883100,35.88999938964844,35.63999938964844,35.63999938964844
01-07-2019,35.04999923706055,36.279998779296875,695900,37.14500045776367,35.86000061035156,35.86000061035156
02-07-2019,33.91999816894531,35.75,758100,35.84000015258789,34.41999816894531,34.41999816894531
03-07-2019,34.04999923706055,34.47999954223633,226200,34.72999954223633,34.52000045776367,34.52000045776367
05-07-2019,34.02000045776367,34.29999923706055,591300,35.150001525878906,34.9900016784668,34.9900016784668
08-07-2019,33.189998626708984,33.599998474121094,620800,35.04999923706055,34.970001220703125,34.970001220703125
09-07-2019,34.58000183105469,34.790000915527344,656000,35.650001525878906,34.83000183105469,34.83000183105469
10-07-2019,34.72999954223633,35.029998779296875,532500,35.43000030517578,35.25,35.25
11-07-2019,34.869998931884766,35.29999923706055,622200,35.56999969482422,35.099998474121094,35.099998474121094
12-07-2019,34.33000183105469,34.86000061035156,448500,35.529998779296875,35.439998626708984,35.439998626708984
15-07-2019,32.349998474121094,34.04999923706055,1158100,34.83000183105469,33.130001068115234,33.130001068115234
16-07-2019,32.29999923706055,33.2400016784668,786400,33.58000183105469,32.75,32.75
17-07-2019,31.84000015258789,33.09000015258789,722400,33.439998626708984,32.040000915527344,32.040000915527344
18-07-2019,31.959999084472656,32.13999938964844,529500,33.290000915527344,32.849998474121094,32.849998474121094
19-07-2019,32.689998626708984,33.040000915527344,592800,34.040000915527344,33.02000045776367,33.02000045776367
22-07-2019,32.43000030517578,33.13999938964844,796900,33.459999084472656,32.77000045776367,32.77000045776367
23-07-2019,31.940000534057617,33.02000045776367,443400,33.05699920654297,32.630001068115234,32.630001068115234
24-07-2019,32.375,32.599998474121094,392500,33.33000183105469,33.099998474121094,33.099998474121094
25-07-2019,32.650001525878906,33.02000045776367,374400,33.5,32.900001525878906,32.900001525878906
26-07-2019,32.279998779296875,32.939998626708984,508800,33.11000061035156,32.81999969482422,32.81999969482422
29-07-2019,32.29999923706055,32.959999084472656,611900,33.380001068115234,32.81999969482422,32.81999969482422
30-07-2019,32.11000061035156,32.52000045776367,569600,32.650001525878906,32.25,32.25
31-07-2019,30.760000228881836,32.09000015258789,900200,32.34000015258789,31.290000915527344,31.290000915527344
01-08-2019,32.5,38.720001220703125,3176100,39.59000015258789,32.7599983215332,32.7599983215332
02-08-2019,29.90999984741211,32.369998931884766,2008000,32.52000045776367,30.270000457763672,30.270000457763672
05-08-2019,28.639999389648438,29.479999542236328,969700,30.59000015258789,30.440000534057617,30.440000534057617
06-08-2019,29.9950008392334,30.729999542236328,798700,31.229999542236328,31.1200008392334,31.1200008392334
07-08-2019,30.3799991607666,30.610000610351562,839700,31.25,30.920000076293945,30.920000076293945
08-08-2019,31.09000015258789,31.09000015258789,681400,32.209999084472656,31.950000762939453,31.950000762939453
09-08-2019,30.610000610351562,31.709999084472656,828300,31.93000030517578,30.850000381469727,30.850000381469727
12-08-2019,29.530000686645508,30.559999465942383,682900,30.708999633789062,29.729999542236328,29.729999542236328
13-08-2019,29.26300048828125,29.510000228881836,610200,32.279998779296875,31.260000228881836,31.260000228881836
14-08-2019,29.170000076293945,30.260000228881836,794200,30.420000076293945,29.190000534057617,29.190000534057617
15-08-2019,28.6299991607666,29.3799991607666,555000,29.459999084472656,29.209999084472656,29.209999084472656
16-08-2019,29.25,29.549999237060547,718100,30.360000610351562,29.989999771118164,29.989999771118164
19-08-2019,29.549999237060547,30.59000015258789,518700,30.65999984741211,30.06999969482422,30.06999969482422
20-08-2019,29.559999465942383,29.950000762939453,730600,30.84000015258789,30.489999771118164,30.489999771118164
21-08-2019,30.1299991607666,30.940000534057617,435800,31.09000015258789,31.059999465942383,31.059999465942383
22-08-2019,31.1200008392334,31.200000762939453,500000,32.2400016784668,31.790000915527344,31.790000915527344
23-08-2019,30.770999908447266,31.100000381469727,693600,31.68000030517578,31.15999984741211,31.15999984741211
26-08-2019,31.329999923706055,31.610000610351562,610700,33.04999923706055,33.0099983215332,33.0099983215332
27-08-2019,32.66999816894531,33.380001068115234,706400,33.7400016784668,33.15999984741211,33.15999984741211
28-08-2019,32.41999816894531,33.029998779296875,359500,34.040000915527344,33.72999954223633,33.72999954223633
29-08-2019,34.18000030517578,34.18000030517578,884900,35.5,35.279998779296875,35.279998779296875
30-08-2019,33.91999816894531,35.27000045776367,571900,35.65999984741211,34.25,34.25
03-09-2019,31.59000015258789,33.900001525878906,764300,33.900001525878906,31.790000915527344,31.790000915527344
04-09-2019,30.1299991607666,32.060001373291016,1213500,32.22999954223633,30.600000381469727,30.600000381469727
05-09-2019,30.600000381469727,31.200000762939453,1188300,33.06999969482422,32.5,32.5
06-09-2019,31.700000762939453,32.63999938964844,1196300,33.75,32.040000915527344,32.040000915527344
09-09-2019,31.920000076293945,32.119998931884766,816700,34.43000030517578,34.36000061035156,34.36000061035156
10-09-2019,34.34000015258789,34.36000061035156,990100,35.95000076293945,35.22999954223633,35.22999954223633
11-09-2019,34.220001220703125,35.33000183105469,584400,35.77000045776367,35.540000915527344,35.540000915527344
12-09-2019,34.040000915527344,35.790000915527344,657300,35.85499954223633,35.25,35.25
13-09-2019,35.400001525878906,36.0,867500,36.65999984741211,36.16999816894531,36.16999816894531
16-09-2019,35.76100158691406,35.810001373291016,781000,37.619998931884766,36.7400016784668,36.7400016784668
17-09-2019,35.67300033569336,36.7400016784668,679700,37.05500030517578,36.400001525878906,36.400001525878906
18-09-2019,35.18000030517578,36.36000061035156,780700,36.63999938964844,36.52000045776367,36.52000045776367
19-09-2019,36.41999816894531,36.83000183105469,554800,37.36000061035156,36.84000015258789,36.84000015258789
20-09-2019,35.560001373291016,36.81999969482422,859500,37.45000076293945,36.06999969482422,36.06999969482422
23-09-2019,35.91999816894531,35.959999084472656,468800,37.310001373291016,36.84000015258789,36.84000015258789
24-09-2019,34.83000183105469,37.060001373291016,489500,37.38999938964844,34.939998626708984,34.939998626708984
25-09-2019,34.369998931884766,35.150001525878906,556600,35.84000015258789,35.529998779296875,35.529998779296875
26-09-2019,34.8120002746582,35.099998474121094,685200,36.20000076293945,36.13999938964844,36.13999938964844
27-09-2019,34.34299850463867,36.220001220703125,492600,36.369998931884766,34.7400016784668,34.7400016784668
30-09-2019,34.2599983215332,34.95000076293945,437100,35.31999969482422,34.900001525878906,34.900001525878906
01-10-2019,32.849998474121094,35.0,752400,35.72999954223633,33.400001525878906,33.400001525878906
02-10-2019,32.369998931884766,33.16999816894531,626700,34.119998931884766,33.77000045776367,33.77000045776367
03-10-2019,32.7400016784668,33.70000076293945,489700,34.529998779296875,34.34000015258789,34.34000015258789
04-10-2019,34.439998626708984,34.75,414300,35.470001220703125,35.09000015258789,35.09000015258789
07-10-2019,34.189998626708984,34.84000015258789,491800,34.9900016784668,34.459999084472656,34.459999084472656
08-10-2019,31.729999542236328,34.02000045776367,748600,34.066001892089844,32.779998779296875,32.779998779296875
09-10-2019,33.25199890136719,33.779998779296875,565400,34.96099853515625,34.040000915527344,34.040000915527344
10-10-2019,33.09000015258789,34.040000915527344,544200,34.93000030517578,33.91999816894531,33.91999816894531
11-10-2019,34.5,34.5,671400,36.25,35.209999084472656,35.209999084472656
14-10-2019,34.369998931884766,35.0,628400,36.630001068115234,35.970001220703125,35.970001220703125
15-10-2019,36.189998626708984,36.38999938964844,676600,37.5099983215332,36.83000183105469,36.83000183105469
16-10-2019,35.540000915527344,36.630001068115234,419500,36.86000061035156,36.709999084472656,36.709999084472656
17-10-2019,36.76499938964844,36.790000915527344,496600,37.52299880981445,37.11000061035156,37.11000061035156
18-10-2019,36.31999969482422,36.5,428600,37.099998474121094,36.849998474121094,36.849998474121094
21-10-2019,37.13999938964844,37.22999954223633,837900,38.34000015258789,37.29999923706055,37.29999923706055
22-10-2019,36.63999938964844,37.31999969482422,638300,38.02000045776367,37.91999816894531,37.91999816894531
23-10-2019,36.13999938964844,37.790000915527344,1020300,37.915000915527344,37.27000045776367,37.27000045776367
24-10-2019,36.15999984741211,37.29999923706055,629500,37.5099983215332,37.0,37.0
25-10-2019,36.709999084472656,36.83000183105469,680200,37.84000015258789,37.619998931884766,37.619998931884766
28-10-2019,37.40599822998047,38.119998931884766,982400,38.78499984741211,37.77000045776367,37.77000045776367
29-10-2019,36.77000045776367,37.70000076293945,701200,38.2400016784668,36.939998626708984,36.939998626708984
30-10-2019,36.5,36.9900016784668,1299800,37.54999923706055,37.33000183105469,37.33000183105469
31-10-2019,33.7400016784668,39.0,2470200,39.0,35.04999923706055,35.04999923706055
01-11-2019,34.869998931884766,35.369998931884766,1365200,37.9900016784668,37.540000915527344,37.540000915527344
04-11-2019,37.43000030517578,37.75,1039400,38.650001525878906,38.2599983215332,38.2599983215332
05-11-2019,38.189998626708984,38.20000076293945,658500,39.29999923706055,39.11000061035156,39.11000061035156
06-11-2019,36.970001220703125,39.310001373291016,843700,39.5099983215332,37.849998474121094,37.849998474121094
07-11-2019,38.099998474121094,38.13999938964844,489500,39.45000076293945,38.279998779296875,38.279998779296875
08-11-2019,37.696998596191406,38.06999969482422,612100,39.95000076293945,39.95000076293945,39.95000076293945
11-11-2019,39.34000015258789,39.66999816894531,890100,41.400001525878906,41.33000183105469,41.33000183105469
12-11-2019,40.81999969482422,41.279998779296875,949800,42.61000061035156,42.41999816894531,42.41999816894531
13-11-2019,41.15999984741211,42.06999969482422,693100,42.70000076293945,42.400001525878906,42.400001525878906
14-11-2019,41.722999572753906,42.20000076293945,645700,43.2400016784668,42.34000015258789,42.34000015258789
15-11-2019,41.52399826049805,42.599998474121094,833400,42.81999969482422,41.68000030517578,41.68000030517578
18-11-2019,40.630001068115234,41.939998626708984,968900,44.04999923706055,43.779998779296875,43.779998779296875
19-11-2019,41.0890007019043,43.34000015258789,691200,43.702999114990234,41.81999969482422,41.81999969482422
20-11-2019,39.790000915527344,41.369998931884766,690400,42.15999984741211,40.7400016784668,40.7400016784668
21-11-2019,39.62799835205078,40.88999938964844,553800,40.9900016784668,39.88999938964844,39.88999938964844
22-11-2019,39.220001220703125,40.130001068115234,494800,40.34000015258789,39.47999954223633,39.47999954223633
25-11-2019,39.0099983215332,39.709999084472656,438100,40.54999923706055,40.22999954223633,40.22999954223633
26-11-2019,40.150001525878906,40.29999923706055,549400,41.58000183105469,40.970001220703125,40.970001220703125
27-11-2019,40.18000030517578,41.130001068115234,275800,41.40999984741211,40.4900016784668,40.4900016784668
29-11-2019,39.577999114990234,40.380001068115234,217200,40.380001068115234,39.81999969482422,39.81999969482422
02-12-2019,38.209999084472656,39.72999954223633,827000,40.209999084472656,40.040000915527344,40.040000915527344
03-12-2019,37.900001525878906,40.02000045776367,623700,40.130001068115234,39.33000183105469,39.33000183105469
04-12-2019,39.13999938964844,39.400001525878906,482600,40.70000076293945,40.459999084472656,40.459999084472656
05-12-2019,40.27000045776367,40.65999984741211,610800,41.15999984741211,41.150001525878906,41.150001525878906
06-12-2019,41.779998779296875,41.779998779296875,866000,43.04999923706055,42.040000915527344,42.040000915527344
09-12-2019,41.275001525878906,41.720001220703125,472800,42.16999816894531,41.720001220703125,41.720001220703125
10-12-2019,40.79999923706055,41.41999816894531,519100,41.65999984741211,41.61000061035156,41.61000061035156
11-12-2019,40.869998931884766,41.40999984741211,345100,42.400001525878906,41.7599983215332,41.7599983215332
12-12-2019,41.560001373291016,41.939998626708984,641100,43.130001068115234,43.09000015258789,43.09000015258789
13-12-2019,42.130001068115234,42.7599983215332,440400,43.150001525878906,43.0099983215332,43.0099983215332
16-12-2019,41.439998626708984,43.5,758800,43.5,41.470001220703125,41.470001220703125
17-12-2019,40.91999816894531,41.40999984741211,506300,42.79999923706055,42.34000015258789,42.34000015258789
18-12-2019,42.41999816894531,42.529998779296875,718200,44.41999816894531,44.029998779296875,44.029998779296875
19-12-2019,42.599998474121094,43.93000030517578,603200,44.20000076293945,43.060001373291016,43.060001373291016
20-12-2019,42.35499954223633,43.220001220703125,778000,43.75,43.47999954223633,43.47999954223633
23-12-2019,42.88999938964844,43.720001220703125,377400,44.45000076293945,44.060001373291016,44.060001373291016
24-12-2019,43.88999938964844,44.130001068115234,167600,44.54999923706055,44.529998779296875,44.529998779296875
26-12-2019,43.25,44.529998779296875,760200,44.709999084472656,44.400001525878906,44.400001525878906
27-12-2019,42.64500045776367,44.560001373291016,514200,44.77000045776367,43.27000045776367,43.27000045776367
30-12-2019,42.72999954223633,43.369998931884766,560800,45.150001525878906,44.70000076293945,44.70000076293945
31-12-2019,44.37200164794922,44.650001525878906,551300,45.099998474121094,44.529998779296875,44.529998779296875
02-01-2020,44.2400016784668,44.939998626708984,619400,45.599998474121094,45.189998626708984,45.189998626708984
03-01-2020,44.5,44.52000045776367,544800,45.75,45.349998474121094,45.349998474121094
06-01-2020,45.04999923706055,45.369998931884766,1026700,47.40999984741211,47.11000061035156,47.11000061035156
07-01-2020,46.540000915527344,47.02000045776367,627200,48.11000061035156,47.279998779296875,47.279998779296875
08-01-2020,46.79499816894531,47.689998626708984,479500,48.04999923706055,47.04999923706055,47.04999923706055
09-01-2020,46.54999923706055,47.27000045776367,860500,47.619998931884766,47.13999938964844,47.13999938964844
10-01-2020,45.52000045776367,47.099998474121094,1304400,47.209999084472656,45.81999969482422,45.81999969482422
13-01-2020,42.04800033569336,43.83000183105469,1890000,45.88999938964844,45.81999969482422,45.81999969482422
14-01-2020,44.310001373291016,46.27000045776367,927500,46.939998626708984,44.790000915527344,44.790000915527344
15-01-2020,43.220001220703125,44.7599983215332,815200,44.9900016784668,44.27000045776367,44.27000045776367
16-01-2020,43.689998626708984,44.529998779296875,695200,44.73500061035156,44.2400016784668,44.2400016784668
17-01-2020,42.86000061035156,44.439998626708984,986700,44.45000076293945,43.650001525878906,43.650001525878906
21-01-2020,43.04999923706055,43.16999816894531,667100,44.20000076293945,43.650001525878906,43.650001525878906
22-01-2020,43.27000045776367,43.689998626708984,595000,44.119998931884766,43.93000030517578,43.93000030517578
23-01-2020,43.38999938964844,43.810001373291016,679100,44.79999923706055,43.869998931884766,43.869998931884766
24-01-2020,42.20000076293945,43.849998474121094,1154900,43.895999908447266,42.380001068115234,42.380001068115234
27-01-2020,40.47999954223633,41.380001068115234,746500,42.34000015258789,41.880001068115234,41.880001068115234
28-01-2020,41.540000915527344,42.119998931884766,643000,43.540000915527344,42.849998474121094,42.849998474121094
29-01-2020,42.4900016784668,43.09000015258789,947000,43.70000076293945,43.2400016784668,43.2400016784668
30-01-2020,42.7599983215332,42.869998931884766,591400,44.16999816894531,43.599998474121094,43.599998474121094
31-01-2020,41.66999816894531,43.52000045776367,834400,43.57500076293945,41.970001220703125,41.970001220703125
03-02-2020,41.75,42.220001220703125,661000,42.849998474121094,41.95000076293945,41.95000076293945
04-02-2020,41.41999816894531,42.77000045776367,1611900,43.150001525878906,42.2599983215332,42.2599983215332
05-02-2020,35.18000030517578,37.33000183105469,4514200,39.47999954223633,38.099998474121094,38.099998474121094
06-02-2020,35.97999954223633,38.15999984741211,2018100,38.369998931884766,36.459999084472656,36.459999084472656
07-02-2020,35.5099983215332,36.34000015258789,1168100,36.869998931884766,35.720001220703125,35.720001220703125
10-02-2020,33.04999923706055,35.5,1695000,35.720001220703125,33.099998474121094,33.099998474121094
11-02-2020,32.5099983215332,33.099998474121094,909000,33.70000076293945,33.060001373291016,33.060001373291016
12-02-2020,33.06999969482422,33.29999923706055,1464900,34.720001220703125,34.47999954223633,34.47999954223633
13-02-2020,33.25,34.130001068115234,1121600,34.54999923706055,33.599998474121094,33.599998474121094
14-02-2020,33.06999969482422,33.66999816894531,1008900,34.0,33.220001220703125,33.220001220703125
18-02-2020,32.630001068115234,33.119998931884766,552500,33.439998626708984,32.81999969482422,32.81999969482422
19-02-2020,32.560001373291016,32.880001068115234,940300,33.560001373291016,33.2400016784668,33.2400016784668
20-02-2020,33.06999969482422,33.209999084472656,1078100,34.13999938964844,33.630001068115234,33.630001068115234
21-02-2020,32.369998931884766,33.66999816894531,672400,33.882999420166016,32.540000915527344,32.540000915527344
24-02-2020,29.989999771118164,31.540000915527344,1097400,31.6200008392334,30.450000762939453,30.450000762939453
25-02-2020,29.25,30.540000915527344,1209100,30.889999389648438,29.75,29.75
26-02-2020,29.899999618530273,29.920000076293945,1473100,31.360000610351562,31.059999465942383,31.059999465942383
27-02-2020,29.649999618530273,30.350000381469727,1255900,31.3700008392334,30.43000030517578,30.43000030517578
28-02-2020,29.31999969482422,29.56999969482422,1231300,31.0,30.670000076293945,30.670000076293945
02-03-2020,29.1299991607666,30.709999084472656,1025500,30.75,29.850000381469727,29.850000381469727
03-03-2020,28.0,29.889999389648438,1206900,30.280000686645508,28.290000915527344,28.290000915527344
04-03-2020,27.920000076293945,28.56999969482422,767000,28.834999084472656,28.75,28.75
05-03-2020,26.540000915527344,28.18000030517578,994500,28.6299991607666,26.940000534057617,26.940000534057617
06-03-2020,25.950000762939453,26.06999969482422,1010800,27.204999923706055,27.06999969482422,27.06999969482422
09-03-2020,18.5,23.219999313354492,3135300,23.610000610351562,19.229999542236328,19.229999542236328
10-03-2020,18.31999969482422,19.850000381469727,1989600,20.809999465942383,20.450000762939453,20.450000762939453
11-03-2020,18.59000015258789,20.0,1711600,20.31999969482422,19.010000228881836,19.010000228881836
12-03-2020,17.1299991607666,17.559999465942383,1846200,19.3799991607666,19.0,19.0
13-03-2020,18.579999923706055,19.760000228881836,1477500,20.329999923706055,20.190000534057617,20.190000534057617
16-03-2020,16.020000457763672,17.56999969482422,1157000,18.389999389648438,16.110000610351562,16.110000610351562
17-03-2020,14.670000076293945,16.200000762939453,1595100,17.100000381469727,15.15999984741211,15.15999984741211
18-03-2020,8.029999732971191,14.260000228881836,1995100,14.399999618530273,10.460000038146973,10.460000038146973
19-03-2020,9.4399995803833,10.390000343322754,1861200,13.130000114440918,12.359999656677246,12.359999656677246
20-03-2020,12.210000038146973,12.760000228881836,1349000,13.869999885559082,12.529999732971191,12.529999732971191
23-03-2020,11.15999984741211,12.100000381469727,815000,12.460000038146973,11.930000305175781,11.930000305175781
24-03-2020,12.420000076293945,12.430000305175781,974800,13.899999618530273,13.039999961853027,13.039999961853027
25-03-2020,12.699999809265137,13.430000305175781,1728000,14.069999694824219,13.199999809265137,13.199999809265137
26-03-2020,12.369999885559082,13.260000228881836,1329900,14.3100004196167,13.979999542236328,13.979999542236328
27-03-2020,12.734999656677246,13.369999885559082,762600,13.949999809265137,13.369999885559082,13.369999885559082
30-03-2020,11.758000373840332,13.5,983800,13.640000343322754,12.5,12.5
31-03-2020,12.118000030517578,12.460000038146973,1052300,13.199999809265137,12.930000305175781,12.930000305175781
01-04-2020,11.399999618530273,12.170000076293945,797300,12.359999656677246,11.510000228881836,11.510000228881836
02-04-2020,10.569999694824219,11.40999984741211,869500,12.029999732971191,10.789999961853027,10.789999961853027
03-04-2020,10.130000114440918,10.890000343322754,638200,11.03499984741211,10.710000038146973,10.710000038146973
06-04-2020,11.020000457763672,11.359999656677246,1059700,12.199999809265137,11.699999809265137,11.699999809265137
07-04-2020,12.0,12.399999618530273,2106000,13.960000038146973,13.640000343322754,13.640000343322754
08-04-2020,13.970000267028809,14.0,2074900,16.260000228881836,15.800000190734863,15.800000190734863
09-04-2020,15.654999732971191,16.389999389648438,1154700,16.81999969482422,15.979999542236328,15.979999542236328
13-04-2020,14.819999694824219,15.970000267028809,702700,16.25,15.390000343322754,15.390000343322754
14-04-2020,15.630000114440918,15.829999923706055,1376100,17.149999618530273,16.530000686645508,16.530000686645508
15-04-2020,14.029999732971191,14.880000114440918,1119500,15.640000343322754,14.880000114440918,14.880000114440918
16-04-2020,13.609999656677246,14.989999771118164,596900,15.229999542236328,13.770000457763672,13.770000457763672
17-04-2020,14.569999694824219,14.579999923706055,946500,15.619999885559082,15.5,15.5
20-04-2020,13.8100004196167,14.819999694824219,1030800,15.15999984741211,14.170000076293945,14.170000076293945
21-04-2020,13.25,13.65999984741211,1339500,14.670000076293945,13.970000267028809,13.970000267028809
22-04-2020,13.75,14.399999618530273,861000,14.399999618530273,13.899999618530273,13.899999618530273
23-04-2020,13.65999984741211,14.069999694824219,847000,14.850000381469727,14.239999771118164,14.239999771118164
24-04-2020,14.279999732971191,14.430000305175781,755500,15.550000190734863,15.25,15.25
27-04-2020,15.0,15.539999961853027,926200,16.43000030517578,16.25,16.25
28-04-2020,16.53499984741211,17.149999618530273,917800,17.7189998626709,17.09000015258789,17.09000015258789
29-04-2020,17.600000381469727,17.889999389648438,1049700,19.040000915527344,18.530000686645508,18.530000686645508
30-04-2020,17.850000381469727,18.309999465942383,985900,19.09000015258789,18.459999084472656,18.459999084472656
01-05-2020,17.479999542236328,17.68000030517578,1429000,18.3799991607666,18.040000915527344,18.040000915527344
04-05-2020,17.079999923706055,17.3700008392334,996800,18.344999313354492,18.0,18.0
05-05-2020,17.709999084472656,18.3799991607666,1252700,19.010000228881836,18.0,18.0
06-05-2020,17.850000381469727,18.149999618530273,796800,18.510000228881836,18.229999542236328,18.229999542236328
07-05-2020,17.899999618530273,18.649999618530273,1203200,19.100000381469727,18.209999084472656,18.209999084472656
08-05-2020,18.600000381469727,18.670000076293945,1192100,20.030000686645508,19.729999542236328,19.729999542236328
11-05-2020,18.860000610351562,19.360000610351562,689300,20.149999618530273,19.56999969482422,19.56999969482422
12-05-2020,19.450000762939453,19.450000762939453,938800,20.790000915527344,19.760000228881836,19.760000228881836
13-05-2020,17.979999542236328,19.31999969482422,1048600,19.31999969482422,18.170000076293945,18.170000076293945
14-05-2020,17.489999771118164,17.6299991607666,849600,19.1200008392334,18.43000030517578,18.43000030517578
15-05-2020,17.8700008392334,18.360000610351562,566500,19.450000762939453,19.1200008392334,19.1200008392334
18-05-2020,20.1200008392334,20.459999084472656,1441300,22.889999389648438,22.43000030517578,22.43000030517578
19-05-2020,21.139999389648438,22.299999237060547,1205300,22.950000762939453,21.959999084472656,21.959999084472656
20-05-2020,21.950000762939453,22.3700008392334,1506900,23.25,22.43000030517578,22.43000030517578
21-05-2020,20.010000228881836,22.170000076293945,2913800,22.979999542236328,21.459999084472656,21.459999084472656
22-05-2020,19.829999923706055,21.299999237060547,1233800,21.579999923706055,20.940000534057617,20.940000534057617
26-05-2020,21.260000228881836,22.56999969482422,1310300,22.700000762939453,21.860000610351562,21.860000610351562
27-05-2020,21.8799991607666,22.459999084472656,1245300,25.31999969482422,25.200000762939453,25.200000762939453
28-05-2020,23.049999237060547,25.68000030517578,1585200,25.68000030517578,23.350000381469727,23.350000381469727
29-05-2020,21.329999923706055,22.989999771118164,1088300,23.530000686645508,21.479999542236328,21.479999542236328
01-06-2020,20.899999618530273,21.65999984741211,1466200,22.760000228881836,22.209999084472656,22.209999084472656
02-06-2020,22.43000030517578,22.65999984741211,1667800,24.950000762939453,24.81999969482422,24.81999969482422
03-06-2020,25.325000762939453,25.5,836800,27.09000015258789,26.729999542236328,26.729999542236328
04-06-2020,26.239999771118164,26.43000030517578,730200,27.46500015258789,27.190000534057617,27.190000534057617
05-06-2020,27.6200008392334,29.639999389648438,1253300,30.270000457763672,29.040000915527344,29.040000915527344
08-06-2020,26.950000762939453,30.459999084472656,1231500,30.459999084472656,27.3799991607666,27.3799991607666
09-06-2020,25.920000076293945,26.5,755300,27.15999984741211,26.579999923706055,26.579999923706055
10-06-2020,25.360000610351562,26.5,596400,26.670000076293945,25.399999618530273,25.399999618530273
11-06-2020,22.260000228881836,24.0,1412200,24.290000915527344,23.1299991607666,23.1299991607666
12-06-2020,22.655000686645508,24.479999542236328,890300,24.729999542236328,23.010000228881836,23.010000228881836
15-06-2020,21.459999084472656,21.899999618530273,1035900,23.280000686645508,22.84000015258789,22.84000015258789
16-06-2020,23.420000076293945,24.540000915527344,1854500,24.770000457763672,24.360000610351562,24.360000610351562
17-06-2020,22.399999618530273,24.399999618530273,1111400,24.399999618530273,22.8799991607666,22.8799991607666
18-06-2020,22.440000534057617,22.440000534057617,873500,23.43000030517578,23.09000015258789,23.09000015258789
19-06-2020,21.729999542236328,23.549999237060547,1527000,23.75,21.799999237060547,21.799999237060547
22-06-2020,20.950000762939453,21.600000381469727,1013000,23.049999237060547,22.59000015258789,22.59000015258789
23-06-2020,21.25,22.739999771118164,901200,22.89699935913086,22.079999923706055,22.079999923706055
24-06-2020,19.739999771118164,21.670000076293945,1455000,22.1200008392334,19.850000381469727,19.850000381469727
25-06-2020,19.270000457763672,19.290000915527344,924800,20.479999542236328,20.329999923706055,20.329999923706055
26-06-2020,19.299999237060547,20.280000686645508,1031500,20.489999771118164,19.65999984741211,19.65999984741211
29-06-2020,19.540000915527344,20.110000610351562,1080500,21.93000030517578,21.90999984741211,21.90999984741211
30-06-2020,21.090999603271484,21.889999389648438,846300,21.94499969482422,21.559999465942383,21.559999465942383
01-07-2020,20.959999084472656,21.700000762939453,660000,22.600000381469727,21.020000457763672,21.020000457763672
02-07-2020,20.510000228881836,21.649999618530273,643400,21.84000015258789,21.110000610351562,21.110000610351562
06-07-2020,20.43000030517578,21.90999984741211,907100,22.059999465942383,21.149999618530273,21.149999618530273
07-07-2020,19.229999542236328,20.520000457763672,800000,20.75,19.510000228881836,19.510000228881836
08-07-2020,19.145000457763672,19.40999984741211,787700,20.389999389648438,20.280000686645508,20.280000686645508
09-07-2020,18.94499969482422,20.280000686645508,735000,20.280000686645508,19.459999084472656,19.459999084472656
10-07-2020,19.15999984741211,19.299999237060547,456000,20.049999237060547,20.030000686645508,20.030000686645508
13-07-2020,18.6299991607666,20.219999313354492,1166000,20.30500030517578,18.68000030517578,18.68000030517578
14-07-2020,17.8700008392334,18.510000228881836,793900,18.68000030517578,18.6200008392334,18.6200008392334
15-07-2020,19.1200008392334,19.56999969482422,1056000,20.350000381469727,20.25,20.25
16-07-2020,19.829999923706055,19.860000610351562,852500,20.899999618530273,20.459999084472656,20.459999084472656
17-07-2020,19.100000381469727,20.3799991607666,1098300,20.3799991607666,19.290000915527344,19.290000915527344
20-07-2020,18.40999984741211,19.149999618530273,966400,19.3799991607666,18.540000915527344,18.540000915527344
21-07-2020,18.8700008392334,19.079999923706055,1057000,19.760000228881836,19.6200008392334,19.6200008392334
22-07-2020,18.950000762939453,19.40999984741211,628200,19.639999389648438,19.6200008392334,19.6200008392334
23-07-2020,19.030000686645508,19.510000228881836,608400,19.899999618530273,19.790000915527344,19.790000915527344
24-07-2020,18.850000381469727,19.68000030517578,536600,19.790000915527344,18.860000610351562,18.860000610351562
27-07-2020,18.150999069213867,18.68000030517578,734200,18.875,18.350000381469727,18.350000381469727
28-07-2020,18.239999771118164,18.280000686645508,1107400,18.809999465942383,18.299999237060547,18.299999237060547
29-07-2020,18.40999984741211,18.510000228881836,1186400,20.6299991607666,20.049999237060547,20.049999237060547
30-07-2020,18.809999465942383,19.649999618530273,756400,19.799999237060547,19.110000610351562,19.110000610351562
31-07-2020,19.0,19.100000381469727,798700,19.690000534057617,19.360000610351562,19.360000610351562
03-08-2020,18.815000534057617,19.350000381469727,1236500,20.040000915527344,19.639999389648438,19.639999389648438
04-08-2020,19.280000686645508,19.75,1333900,21.010000228881836,20.31999969482422,20.31999969482422
05-08-2020,21.559999465942383,22.899999618530273,2264300,24.18000030517578,22.420000076293945,22.420000076293945
06-08-2020,21.530000686645508,22.290000915527344,1081200,22.440000534057617,22.3799991607666,22.3799991607666
07-08-2020,22.09000015258789,22.25,1081400,23.75,23.6299991607666,23.6299991607666
10-08-2020,23.479999542236328,23.889999389648438,854200,24.540000915527344,23.56999969482422,23.56999969482422
11-08-2020,24.06999969482422,24.139999389648438,1371500,25.440000534057617,24.969999313354492,24.969999313354492
12-08-2020,24.065000534057617,25.1299991607666,1103300,25.540000915527344,24.84000015258789,24.84000015258789
13-08-2020,24.540000915527344,24.860000610351562,1001300,25.299999237060547,25.149999618530273,25.149999618530273
14-08-2020,24.700000762939453,24.729999542236328,1099700,26.200000762939453,25.350000381469727,25.350000381469727
17-08-2020,24.860000610351562,25.350000381469727,737600,25.729999542236328,25.670000076293945,25.670000076293945
18-08-2020,23.940000534057617,25.260000228881836,850200,25.440000534057617,24.700000762939453,24.700000762939453
19-08-2020,24.15999984741211,24.579999923706055,897500,25.06999969482422,24.989999771118164,24.989999771118164
20-08-2020,24.280000686645508,24.559999465942383,959600,25.469999313354492,25.25,25.25
21-08-2020,24.8700008392334,25.06999969482422,951700,25.65999984741211,25.350000381469727,25.350000381469727
24-08-2020,25.469999313354492,25.469999313354492,876100,26.8700008392334,26.850000381469727,26.850000381469727
25-08-2020,26.489999771118164,27.0,1094200,27.704999923706055,27.469999313354492,27.469999313354492
26-08-2020,27.270000457763672,27.639999389648438,1389200,28.020000457763672,27.3700008392334,27.3700008392334
27-08-2020,27.110000610351562,27.729999542236328,681500,28.270000457763672,27.209999084472656,27.209999084472656
28-08-2020,26.579999923706055,27.420000076293945,337800,27.729999542236328,27.719999313354492,27.719999313354492
31-08-2020,27.350000381469727,27.649999618530273,720100,29.15999984741211,28.229999542236328,28.229999542236328
01-09-2020,27.489999771118164,27.90999984741211,557000,28.65999984741211,28.559999465942383,28.559999465942383
02-09-2020,28.100000381469727,28.709999084472656,781700,30.43000030517578,30.239999771118164,30.239999771118164
03-09-2020,29.413999557495117,30.139999389648438,938300,30.670000076293945,29.68000030517578,29.68000030517578
04-09-2020,29.200000762939453,30.299999237060547,822500,30.329999923706055,29.809999465942383,29.809999465942383
08-09-2020,28.280000686645508,29.329999923706055,899400,29.520000457763672,28.440000534057617,28.440000534057617
09-09-2020,27.920000076293945,28.270000457763672,656200,28.55900001525879,28.229999542236328,28.229999542236328
10-09-2020,28.209999084472656,28.459999084472656,612600,29.010000228881836,28.280000686645508,28.280000686645508
11-09-2020,28.030000686645508,28.56999969482422,446100,29.229999542236328,28.670000076293945,28.670000076293945
14-09-2020,28.479999542236328,28.899999618530273,532900,29.75,29.700000762939453,29.700000762939453
15-09-2020,28.969999313354492,29.68000030517578,317400,29.84000015258789,29.1200008392334,29.1200008392334
16-09-2020,28.959999084472656,29.450000762939453,419500,30.229999542236328,29.68000030517578,29.68000030517578
17-09-2020,28.920000076293945,29.229999542236328,370400,29.889999389648438,29.440000534057617,29.440000534057617
18-09-2020,28.579999923706055,29.6299991607666,581200,29.739999771118164,28.799999237060547,28.799999237060547
21-09-2020,26.780000686645508,27.920000076293945,567800,28.110000610351562,27.469999313354492,27.469999313354492
22-09-2020,27.190000534057617,27.540000915527344,343400,28.309999465942383,28.190000534057617,28.190000534057617
23-09-2020,27.329999923706055,28.5,342400,29.024999618530273,27.3799991607666,27.3799991607666
24-09-2020,25.90999984741211,27.309999465942383,362500,27.440000534057617,26.690000534057617,26.690000534057617
25-09-2020,26.415000915527344,26.520000457763672,429300,27.75,27.6200008392334,27.6200008392334
28-09-2020,27.459999084472656,28.139999389648438,632700,28.600000381469727,27.479999542236328,27.479999542236328
29-09-2020,26.079999923706055,27.65999984741211,655900,27.760000228881836,26.829999923706055,26.829999923706055
30-09-2020,26.809999465942383,26.809999465942383,622200,28.6200008392334,28.139999389648438,28.139999389648438
01-10-2020,28.059999465942383,28.1200008392334,559300,29.440000534057617,29.3799991607666,29.3799991607666
02-10-2020,28.25,28.43000030517578,899900,31.459999084472656,30.93000030517578,30.93000030517578
05-10-2020,29.790000915527344,31.3799991607666,747300,31.969999313354492,30.6299991607666,30.6299991607666
06-10-2020,29.5,30.969999313354492,891800,31.6200008392334,30.610000610351562,30.610000610351562
07-10-2020,30.860000610351562,31.270000457763672,1084000,32.720001220703125,32.61000061035156,32.61000061035156
08-10-2020,31.889999389648438,33.060001373291016,759500,33.31999969482422,32.290000915527344,32.290000915527344
09-10-2020,32.34000015258789,32.650001525878906,638100,33.36000061035156,32.540000915527344,32.540000915527344
12-10-2020,32.84000015258789,33.31999969482422,632500,33.869998931884766,33.849998474121094,33.849998474121094
13-10-2020,32.861000061035156,33.439998626708984,437100,33.79999923706055,33.150001525878906,33.150001525878906
14-10-2020,32.79999923706055,33.279998779296875,486600,33.724998474121094,32.81999969482422,32.81999969482422
15-10-2020,32.43000030517578,32.540000915527344,802600,32.9900016784668,32.540000915527344,32.540000915527344
16-10-2020,31.489999771118164,32.689998626708984,358400,32.88999938964844,31.649999618530273,31.649999618530273
19-10-2020,31.420000076293945,31.959999084472656,643200,32.40999984741211,31.549999237060547,31.549999237060547
20-10-2020,31.770000457763672,31.93000030517578,581100,32.380001068115234,32.15999984741211,32.15999984741211
21-10-2020,31.5,32.36000061035156,540500,32.880001068115234,32.2400016784668,32.2400016784668
22-10-2020,31.625,32.33000183105469,579800,33.5,33.25,33.25
23-10-2020,33.06999969482422,33.56999969482422,728600,33.790000915527344,33.599998474121094,33.599998474121094
26-10-2020,31.459999084472656,32.75,1085600,33.209999084472656,32.790000915527344,32.790000915527344
27-10-2020,32.52000045776367,33.150001525878906,487900,33.25,32.630001068115234,32.630001068115234
28-10-2020,31.6299991607666,31.739999771118164,558800,32.959999084472656,32.31999969482422,32.31999969482422
29-10-2020,31.760000228881836,32.93000030517578,963300,33.79999923706055,33.43000030517578,33.43000030517578
30-10-2020,31.209999084472656,33.4900016784668,516100,33.994998931884766,32.02000045776367,32.02000045776367
02-11-2020,32.51499938964844,32.709999084472656,599400,34.95000076293945,34.52000045776367,34.52000045776367
03-11-2020,34.720001220703125,35.0,748400,36.790000915527344,36.16999816894531,36.16999816894531
04-11-2020,34.63800048828125,35.41999816894531,535400,36.5,35.709999084472656,35.709999084472656
05-11-2020,34.959999084472656,36.0,426100,36.0,35.09000015258789,35.09000015258789
06-11-2020,35.0099983215332,35.5,379400,35.97999954223633,35.220001220703125,35.220001220703125
09-11-2020,37.0,37.95000076293945,1853300,42.16999816894531,41.619998931884766,41.619998931884766
10-11-2020,37.349998474121094,41.56999969482422,1137900,41.95000076293945,38.54999923706055,38.54999923706055
11-11-2020,38.209999084472656,39.779998779296875,442900,39.779998779296875,39.290000915527344,39.290000915527344
12-11-2020,37.79999923706055,38.70000076293945,369700,39.29999923706055,37.95000076293945,37.95000076293945
13-11-2020,37.91999816894531,38.16999816894531,406700,39.099998474121094,38.90999984741211,38.90999984741211
16-11-2020,38.790000915527344,40.130001068115234,804700,40.25,39.029998779296875,39.029998779296875
17-11-2020,38.06999969482422,39.470001220703125,476200,40.439998626708984,40.2400016784668,40.2400016784668
18-11-2020,39.65999984741211,40.209999084472656,484400,41.86000061035156,39.720001220703125,39.720001220703125
19-11-2020,38.5099983215332,40.0,602500,40.650001525878906,39.16999816894531,39.16999816894531
20-11-2020,38.31999969482422,39.13999938964844,530000,40.595001220703125,40.459999084472656,40.459999084472656
23-11-2020,40.6349983215332,41.27000045776367,644700,43.29999923706055,42.119998931884766,42.119998931884766
24-11-2020,41.5,42.90999984741211,399600,43.04999923706055,42.470001220703125,42.470001220703125
25-11-2020,41.400001525878906,41.66999816894531,308700,42.845001220703125,42.18000030517578,42.18000030517578
27-11-2020,40.93000030517578,42.25,274300,42.4900016784668,42.099998474121094,42.099998474121094
30-11-2020,39.4900016784668,41.61000061035156,483200,41.7599983215332,41.2599983215332,41.2599983215332
01-12-2020,39.720001220703125,41.93000030517578,478000,41.93000030517578,40.470001220703125,40.470001220703125
02-12-2020,39.90999984741211,40.2400016784668,319400,42.20000076293945,42.150001525878906,42.150001525878906
03-12-2020,41.86000061035156,42.290000915527344,335700,43.599998474121094,43.040000915527344,43.040000915527344
04-12-2020,42.220001220703125,43.20000076293945,172200,44.220001220703125,43.7599983215332,43.7599983215332
07-12-2020,42.119998931884766,42.470001220703125,412000,44.40999984741211,43.790000915527344,43.790000915527344
08-12-2020,42.650001525878906,43.2400016784668,391600,44.55500030517578,42.65999984741211,42.65999984741211
09-12-2020,41.040000915527344,43.209999084472656,513500,43.54999923706055,41.790000915527344,41.790000915527344
10-12-2020,40.25,41.2599983215332,712100,42.099998474121094,41.45000076293945,41.45000076293945
11-12-2020,39.275001525878906,41.119998931884766,450700,41.61000061035156,40.02000045776367,40.02000045776367
14-12-2020,39.459999084472656,40.70000076293945,398500,41.13999938964844,39.560001373291016,39.560001373291016
15-12-2020,39.75,39.900001525878906,370600,41.3849983215332,41.349998474121094,41.349998474121094
16-12-2020,40.619998931884766,41.4900016784668,257200,41.84000015258789,41.22999954223633,41.22999954223633
17-12-2020,40.619998931884766,41.5,299700,42.20000076293945,42.0,42.0
18-12-2020,40.869998931884766,41.79999923706055,907200,42.2400016784668,40.91999816894531,40.91999816894531
21-12-2020,39.82400131225586,40.279998779296875,430700,41.625,41.20000076293945,41.20000076293945
22-12-2020,40.060001373291016,41.52000045776367,449500,41.70000076293945,40.70000076293945,40.70000076293945
23-12-2020,40.290000915527344,40.7599983215332,372100,41.2400016784668,40.79999923706055,40.79999923706055
24-12-2020,40.189998626708984,41.189998626708984,240500,41.40999984741211,40.47999954223633,40.47999954223633
28-12-2020,40.720001220703125,41.119998931884766,857100,43.72999954223633,43.29999923706055,43.29999923706055
29-12-2020,41.40999984741211,43.38999938964844,472900,43.7599983215332,42.099998474121094,42.099998474121094
30-12-2020,42.0,42.0,357400,43.31999969482422,43.0,43.0
31-12-2020,42.380001068115234,43.04999923706055,591900,43.84000015258789,43.36000061035156,43.36000061035156
04-01-2021,41.439998626708984,43.5,649500,43.689998626708984,41.86000061035156,41.86000061035156
05-01-2021,41.77000045776367,41.77000045776367,455600,44.20000076293945,43.7599983215332,43.7599983215332
06-01-2021,44.220001220703125,44.72999954223633,853300,47.900001525878906,47.86000061035156,47.86000061035156
07-01-2021,46.9900016784668,48.38999938964844,436100,48.90999984741211,47.58000183105469,47.58000183105469
08-01-2021,47.22999954223633,47.81999969482422,529600,48.65999984741211,48.59000015258789,48.59000015258789
11-01-2021,51.84000015258789,53.0,1635100,55.63999938964844,54.70000076293945,54.70000076293945
12-01-2021,54.459999084472656,56.16999816894531,726400,57.88999938964844,56.59000015258789,56.59000015258789
13-01-2021,53.90999984741211,56.31999969482422,611000,56.529998779296875,54.220001220703125,54.220001220703125
14-01-2021,54.67499923706055,54.709999084472656,806100,57.0,56.209999084472656,56.209999084472656
15-01-2021,54.869998931884766,55.13999938964844,653400,57.22999954223633,56.97999954223633,56.97999954223633
19-01-2021,57.08000183105469,58.75,732500,58.880001068115234,58.279998779296875,58.279998779296875
20-01-2021,57.33000183105469,58.2599983215332,635500,59.279998779296875,58.95000076293945,58.95000076293945
21-01-2021,57.5,59.58000183105469,834900,59.59000015258789,57.630001068115234,57.630001068115234
22-01-2021,57.13999938964844,57.34000015258789,717200,58.459999084472656,58.349998474121094,58.349998474121094
25-01-2021,58.34000015258789,58.650001525878906,1721200,62.310001373291016,59.81999969482422,59.81999969482422
26-01-2021,56.709999084472656,59.38999938964844,1245500,62.5,57.43000030517578,57.43000030517578
27-01-2021,53.56999969482422,56.04999923706055,1219200,58.22999954223633,56.369998931884766,56.369998931884766
28-01-2021,54.77000045776367,54.77000045776367,975700,58.09000015258789,57.68000030517578,57.68000030517578
29-01-2021,55.81999969482422,57.720001220703125,644100,58.48699951171875,57.2400016784668,57.2400016784668
01-02-2021,56.04999923706055,58.08000183105469,459300,58.51499938964844,57.560001373291016,57.560001373291016
02-02-2021,56.959999084472656,58.369998931884766,626000,59.41999816894531,58.02000045776367,58.02000045776367
03-02-2021,56.349998474121094,58.869998931884766,558000,59.459999084472656,57.709999084472656,57.709999084472656
04-02-2021,58.02000045776367,58.220001220703125,536200,59.98500061035156,59.13999938964844,59.13999938964844
05-02-2021,58.58000183105469,59.52000045776367,716300,61.27000045776367,60.619998931884766,60.619998931884766
08-02-2021,58.5,60.900001525878906,534600,61.159000396728516,59.61000061035156,59.61000061035156
09-02-2021,58.099998474121094,59.599998474121094,546100,59.599998474121094,58.91999816894531,58.91999816894531
10-02-2021,58.9900016784668,59.7400016784668,377000,61.05500030517578,60.029998779296875,60.029998779296875
11-02-2021,59.72999954223633,60.47999954223633,471600,62.83000183105469,60.88999938964844,60.88999938964844
12-02-2021,59.95000076293945,60.380001068115234,374000,61.59000015258789,60.880001068115234,60.880001068115234
16-02-2021,59.96500015258789,61.20000076293945,468700,61.880001068115234,61.029998779296875,61.029998779296875
17-02-2021,58.5,60.439998626708984,436200,61.560001373291016,61.33000183105469,61.33000183105469
18-02-2021,58.68000030517578,60.939998626708984,359100,61.66999816894531,59.68000030517578,59.68000030517578
19-02-2021,59.744998931884766,60.029998779296875,383200,61.939998626708984,60.90999984741211,60.90999984741211
22-02-2021,60.189998626708984,60.189998626708984,477600,63.84000015258789,61.75,61.75
23-02-2021,57.31999969482422,60.40999984741211,713700,60.779998779296875,60.40999984741211,60.40999984741211
24-02-2021,59.790000915527344,60.41999816894531,1650900,69.18000030517578,65.5199966430664,65.5199966430664
25-02-2021,60.15299987792969,65.4000015258789,843600,66.3499984741211,60.709999084472656,60.709999084472656
26-02-2021,58.130001068115234,60.83000183105469,712600,62.29999923706055,60.41999816894531,60.41999816894531
01-03-2021,60.540000915527344,61.939998626708984,409800,64.47000122070312,64.30000305175781,64.30000305175781
02-03-2021,61.720001220703125,63.9900016784668,336700,64.7699966430664,61.72999954223633,61.72999954223633
03-03-2021,58.84000015258789,62.29999923706055,421100,62.529998779296875,58.869998931884766,58.869998931884766
04-03-2021,53.72999954223633,58.65999984741211,693100,59.47999954223633,55.7599983215332,55.7599983215332
05-03-2021,54.720001220703125,57.290000915527344,552700,58.775001525878906,58.45000076293945,58.45000076293945
08-03-2021,58.66999816894531,59.08000183105469,578100,61.54999923706055,60.31999969482422,60.31999969482422
09-03-2021,58.43000030517578,61.4900016784668,377200,61.54999923706055,58.630001068115234,58.630001068115234
10-03-2021,57.84000015258789,58.709999084472656,373500,60.5,59.5,59.5
11-03-2021,59.8849983215332,60.13999938964844,365100,62.08000183105469,61.060001373291016,61.060001373291016
12-03-2021,60.630001068115234,61.220001220703125,460800,63.244998931884766,63.220001220703125,63.220001220703125
15-03-2021,61.11000061035156,62.58000183105469,470100,64.62000274658203,63.0,63.0
16-03-2021,59.630001068115234,62.689998626708984,268800,62.72999954223633,60.709999084472656,60.709999084472656
17-03-2021,60.060001373291016,60.060001373291016,506200,64.61000061035156,64.47000122070312,64.47000122070312
18-03-2021,63.09000015258789,64.4000015258789,405200,66.16999816894531,63.47999954223633,63.47999954223633
19-03-2021,62.529998779296875,63.900001525878906,569600,65.77999877929688,65.5999984741211,65.5999984741211
22-03-2021,62.720001220703125,65.95999908447266,325600,67.48999786376953,62.880001068115234,62.880001068115234
23-03-2021,58.060001373291016,61.88999938964844,504000,62.5,58.15999984741211,58.15999984741211
24-03-2021,56.540000915527344,59.2400016784668,323800,59.95000076293945,56.689998626708984,56.689998626708984
25-03-2021,55.0,55.61000061035156,475400,61.33000183105469,61.119998931884766,61.119998931884766
26-03-2021,61.130001068115234,62.220001220703125,315200,63.849998474121094,63.29999923706055,63.29999923706055
29-03-2021,59.150001525878906,62.66999816894531,507200,65.04000091552734,59.20000076293945,59.20000076293945
30-03-2021,59.4900016784668,59.4900016784668,521000,63.08000183105469,62.08000183105469,62.08000183105469
31-03-2021,61.880001068115234,62.22999954223633,464700,63.65999984741211,62.310001373291016,62.310001373291016
01-04-2021,60.689998626708984,63.27000045776367,392300,63.290000915527344,61.79999923706055,61.79999923706055
05-04-2021,60.22999954223633,63.29999923706055,256300,63.29999923706055,62.91999816894531,62.91999816894531
06-04-2021,63.849998474121094,63.9900016784668,594000,66.87000274658203,66.01000213623047,66.01000213623047
07-04-2021,64.88999938964844,66.04000091552734,360000,66.93000030517578,65.16999816894531,65.16999816894531
08-04-2021,63.95000076293945,65.22000122070312,388400,66.62999725341797,65.7699966430664,65.7699966430664
09-04-2021,65.69999694824219,66.05000305175781,448800,69.37999725341797,68.73999786376953,68.73999786376953
12-04-2021,66.33000183105469,68.63999938964844,337200,69.18000030517578,66.80000305175781,66.80000305175781
13-04-2021,63.720001220703125,67.0,303200,67.29000091552734,66.0199966430664,66.0199966430664
14-04-2021,65.08899688720703,66.2300033569336,319500,67.91000366210938,66.55999755859375,66.55999755859375
15-04-2021,66.22000122070312,67.3499984741211,217300,67.98999786376953,67.05999755859375,67.05999755859375
16-04-2021,65.97000122070312,67.9000015258789,278500,68.69999694824219,68.05999755859375,68.05999755859375
19-04-2021,67.29000091552734,67.5,282400,68.81999969482422,67.68000030517578,67.68000030517578
20-04-2021,64.16999816894531,67.5199966430664,229100,68.00499725341797,65.62000274658203,65.62000274658203
21-04-2021,64.98999786376953,65.31999969482422,257100,68.41999816894531,68.04000091552734,68.04000091552734
22-04-2021,68.22000122070312,68.58999633789062,344800,70.05000305175781,68.83999633789062,68.83999633789062
23-04-2021,68.7699966430664,69.58000183105469,403300,72.9000015258789,72.3499984741211,72.3499984741211
26-04-2021,69.0199966430664,73.2699966430664,370400,73.66999816894531,69.9800033569336,69.9800033569336
27-04-2021,69.8499984741211,69.8499984741211,251100,73.16999816894531,71.91999816894531,71.91999816894531
28-04-2021,70.33000183105469,71.56999969482422,181700,72.26000213623047,72.12999725341797,72.12999725341797
29-04-2021,70.2300033569336,73.0199966430664,296300,73.61100006103516,71.2300033569336,71.2300033569336
30-04-2021,69.43000030517578,70.86000061035156,259000,72.22000122070312,70.54000091552734,70.54000091552734
03-05-2021,70.38999938964844,70.38999938964844,409800,73.38500213623047,72.56999969482422,72.56999969482422
04-05-2021,70.0,71.88999938964844,194600,72.08999633789062,71.91000366210938,71.91000366210938
05-05-2021,71.9000015258789,73.05999755859375,223000,74.4000015258789,73.2699966430664,73.2699966430664
06-05-2021,72.19000244140625,74.9800033569336,392300,74.9800033569336,73.37000274658203,73.37000274658203
07-05-2021,72.22000122070312,72.88999938964844,373900,74.80000305175781,74.5999984741211,74.5999984741211
10-05-2021,71.19000244140625,75.0,394000,75.6500015258789,71.31999969482422,71.31999969482422
11-05-2021,67.61000061035156,69.41000366210938,517300,72.77999877929688,72.19999694824219,72.19999694824219
12-05-2021,66.58000183105469,71.8499984741211,720600,72.35800170898438,67.58999633789062,67.58999633789062
13-05-2021,71.19999694824219,72.05999755859375,1305700,75.37999725341797,74.04000091552734,74.04000091552734
14-05-2021,74.55000305175781,75.01000213623047,686800,78.62999725341797,78.31999969482422,78.31999969482422
17-05-2021,75.80000305175781,78.13999938964844,572900,79.87000274658203,79.58000183105469,79.58000183105469
18-05-2021,74.3499984741211,80.0,484900,80.0999984741211,74.38999938964844,74.38999938964844
19-05-2021,69.44000244140625,71.93000030517578,467800,73.01200103759766,72.73999786376953,72.73999786376953
20-05-2021,70.27999877929688,73.61000061035156,556300,73.7699966430664,71.62000274658203,71.62000274658203
21-05-2021,72.22000122070312,73.08999633789062,412100,74.22000122070312,72.83999633789062,72.83999633789062
24-05-2021,72.86000061035156,73.43000030517578,367200,74.87000274658203,74.12000274658203,74.12000274658203
25-05-2021,72.41999816894531,74.75,390600,76.0,72.55000305175781,72.55000305175781
26-05-2021,73.55999755859375,73.58000183105469,425600,77.08999633789062,76.94000244140625,76.94000244140625
27-05-2021,75.66000366210938,77.51000213623047,342800,78.26000213623047,78.01000213623047,78.01000213623047
28-05-2021,75.70500183105469,77.9800033569336,245200,77.9800033569336,76.38999938964844,76.38999938964844
01-06-2021,76.23500061035156,76.94999694824219,340300,79.2699966430664,78.83999633789062,78.83999633789062
02-06-2021,75.06999969482422,78.51000213623047,332400,78.5199966430664,76.5199966430664,76.5199966430664
03-06-2021,73.79000091552734,75.75,227100,76.4800033569336,75.61000061035156,75.61000061035156
04-06-2021,71.5,76.2699966430664,548400,76.2699966430664,73.0199966430664,73.0199966430664
07-06-2021,72.43000030517578,73.81999969482422,674500,75.6500015258789,73.30000305175781,73.30000305175781
08-06-2021,71.91000366210938,73.73999786376953,478700,75.63999938964844,75.18000030517578,75.18000030517578
09-06-2021,74.58999633789062,75.4800033569336,353700,76.1500015258789,76.08000183105469,76.08000183105469
10-06-2021,74.55999755859375,76.33999633789062,476700,77.69000244140625,75.44999694824219,75.44999694824219
11-06-2021,75.63999938964844,76.43000030517578,291100,77.12000274658203,75.9000015258789,75.9000015258789
14-06-2021,74.68000030517578,75.80999755859375,227300,76.73999786376953,74.91999816894531,74.91999816894531
15-06-2021,72.38999938964844,75.56999969482422,324400,76.30999755859375,73.66999816894531,73.66999816894531
16-06-2021,72.2249984741211,73.29000091552734,307200,75.44999694824219,75.25,75.25
17-06-2021,74.01000213623047,77.05000305175781,472700,77.91000366210938,75.66999816894531,75.66999816894531
18-06-2021,74.11000061035156,74.80000305175781,502300,76.72000122070312,74.88999938964844,74.88999938964844
21-06-2021,75.7300033569336,76.18000030517578,393600,79.0,77.72000122070312,77.72000122070312
22-06-2021,76.02999877929688,77.12000274658203,680700,81.41000366210938,81.16000366210938,81.16000366210938
23-06-2021,81.52999877929688,82.05999755859375,617600,84.61000061035156,83.4800033569336,83.4800033569336
24-06-2021,82.37999725341797,84.19000244140625,441600,84.83999633789062,84.70999908447266,84.70999908447266
25-06-2021,84.22000122070312,85.33999633789062,711600,86.69999694824219,84.48999786376953,84.48999786376953
28-06-2021,81.2699966430664,84.25,443800,84.25,83.44000244140625,83.44000244140625
29-06-2021,81.5999984741211,83.62999725341797,371600,84.38999938964844,81.69000244140625,81.69000244140625
30-06-2021,80.69000244140625,81.5,314500,84.16999816894531,84.05000305175781,84.05000305175781
01-07-2021,83.51499938964844,85.0199966430664,290600,85.25,84.13999938964844,84.13999938964844
02-07-2021,82.94000244140625,84.29000091552734,211600,84.29000091552734,84.12999725341797,84.12999725341797
06-07-2021,80.02100372314453,84.16999816894531,260100,84.19000244140625,82.79000091552734,82.79000091552734
07-07-2021,79.06999969482422,82.36000061035156,346600,83.04000091552734,80.68000030517578,80.68000030517578
08-07-2021,76.01000213623047,78.16999816894531,468300,81.81500244140625,79.55000305175781,79.55000305175781
09-07-2021,80.56099700927734,80.70999908447266,393100,83.0999984741211,83.05000305175781,83.05000305175781
12-07-2021,82.33999633789062,83.02999877929688,365400,84.79000091552734,84.19000244140625,84.19000244140625
13-07-2021,82.71800231933594,83.48999786376953,230700,83.94000244140625,83.5199966430664,83.5199966430664
14-07-2021,82.16000366210938,84.18000030517578,232700,85.3499984741211,82.30000305175781,82.30000305175781
15-07-2021,77.46499633789062,81.76000213623047,467800,81.86499786376953,78.41000366210938,78.41000366210938
16-07-2021,76.87999725341797,79.62999725341797,311200,80.50499725341797,77.33999633789062,77.33999633789062
19-07-2021,73.0009994506836,74.44999694824219,417000,79.22000122070312,75.8499984741211,75.8499984741211
20-07-2021,75.63999938964844,76.23999786376953,285200,79.66200256347656,78.80999755859375,78.80999755859375
21-07-2021,79.56500244140625,79.87999725341797,240300,82.4800033569336,81.13999938964844,81.13999938964844
22-07-2021,79.4000015258789,81.30000305175781,264900,81.66000366210938,81.27999877929688,81.27999877929688
23-07-2021,81.19000244140625,82.36000061035156,266700,83.1500015258789,82.05999755859375,82.05999755859375
26-07-2021,82.43000030517578,82.48999786376953,399300,85.19000244140625,84.4000015258789,84.4000015258789
27-07-2021,81.81999969482422,84.12999725341797,430300,86.11000061035156,83.54000091552734,83.54000091552734
28-07-2021,81.45999908447266,83.29000091552734,254800,84.4800033569336,83.56999969482422,83.56999969482422
29-07-2021,84.08000183105469,84.81999969482422,388900,87.02999877929688,85.27999877929688,85.27999877929688
30-07-2021,84.26100158691406,84.5199966430664,306900,87.37000274658203,86.41999816894531,86.41999816894531
02-08-2021,84.69000244140625,88.4000015258789,493800,89.22000122070312,84.75,84.75
03-08-2021,83.05000305175781,85.52999877929688,481900,86.81999969482422,86.25,86.25
04-08-2021,82.56999969482422,84.8499984741211,611800,87.3499984741211,83.41999816894531,83.41999816894531
05-08-2021,87.31099700927734,90.6500015258789,1047500,93.25,88.83000183105469,88.83000183105469
06-08-2021,87.44000244140625,89.31999969482422,547900,91.6500015258789,89.87000274658203,89.87000274658203
09-08-2021,85.23999786376953,88.69000244140625,442800,89.19000244140625,86.12999725341797,86.12999725341797
10-08-2021,85.95999908447266,85.95999908447266,398900,89.58999633789062,88.45999908447266,88.45999908447266
11-08-2021,86.8499984741211,88.45999908447266,311800,90.13999938964844,88.94000244140625,88.94000244140625
12-08-2021,87.30000305175781,88.63999938964844,278900,89.87999725341797,88.22000122070312,88.22000122070312
13-08-2021,85.8499984741211,87.62000274658203,253200,88.12000274658203,86.73999786376953,86.73999786376953
16-08-2021,85.5,86.01000213623047,313700,89.20500183105469,88.12000274658203,88.12000274658203
17-08-2021,82.9000015258789,87.0,392800,87.0,84.62000274658203,84.62000274658203
18-08-2021,83.0,84.29000091552734,267300,85.375,83.05999755859375,83.05999755859375
19-08-2021,80.08000183105469,81.47000122070312,518600,84.48999786376953,82.08999633789062,82.08999633789062
20-08-2021,81.47000122070312,82.23999786376953,386100,83.70999908447266,82.81999969482422,82.81999969482422
23-08-2021,83.1500015258789,83.81999969482422,385200,85.87999725341797,85.31999969482422,85.31999969482422
24-08-2021,85.5,85.51000213623047,286300,88.75,87.9000015258789,87.9000015258789
25-08-2021,86.83000183105469,88.08000183105469,348200,90.44999694824219,88.26000213623047,88.26000213623047
26-08-2021,85.41000366210938,87.54000091552734,232100,88.27999877929688,87.95999908447266,87.95999908447266
27-08-2021,86.91000366210938,87.66999816894531,384800,89.26000213623047,88.93000030517578,88.93000030517578
30-08-2021,87.56999969482422,88.55999755859375,462400,89.33999633789062,87.93000030517578,87.93000030517578
31-08-2021,85.08000183105469,87.6500015258789,685700,89.4800033569336,89.27999877929688,89.27999877929688
01-09-2021,88.77999877929688,90.08000183105469,504500,90.94999694824219,89.47000122070312,89.47000122070312
02-09-2021,86.11000061035156,89.41999816894531,384000,89.41999816894531,86.94000244140625,86.94000244140625
03-09-2021,84.81999969482422,86.41000366210938,573500,87.34500122070312,85.55000305175781,85.55000305175781
07-09-2021,84.04000091552734,85.5,266400,86.45999908447266,84.76000213623047,84.76000213623047
08-09-2021,82.44000244140625,84.33999633789062,295800,85.25,83.56999969482422,83.56999969482422
09-09-2021,83.06999969482422,83.41999816894531,299100,85.73999786376953,84.7300033569336,84.7300033569336
10-09-2021,83.33999633789062,85.12000274658203,257600,86.4000015258789,83.44000244140625,83.44000244140625
13-09-2021,82.02999877929688,84.06999969482422,295900,85.79000091552734,85.75,85.75
14-09-2021,84.53299713134766,86.1500015258789,220900,86.3949966430664,85.19999694824219,85.19999694824219
15-09-2021,83.61000061035156,84.87000274658203,212900,86.63999938964844,86.27999877929688,86.27999877929688
16-09-2021,86.58999633789062,86.58999633789062,345100,89.7699966430664,89.55000305175781,89.55000305175781
17-09-2021,90.04000091552734,90.3499984741211,601700,91.83999633789062,91.37999725341797,91.37999725341797
20-09-2021,87.68000030517578,88.70999908447266,428700,90.68000030517578,89.30000305175781,89.30000305175781
21-09-2021,89.13400268554688,90.30000305175781,271900,91.55999755859375,90.55999755859375,90.55999755859375
22-09-2021,91.05000305175781,91.05000305175781,466100,94.45999908447266,93.62999725341797,93.62999725341797
23-09-2021,94.94200134277344,95.37999725341797,348700,97.68000030517578,96.80999755859375,96.80999755859375
24-09-2021,94.30000305175781,95.61000061035156,235500,97.05000305175781,96.08000183105469,96.08000183105469
27-09-2021,96.12999725341797,96.12999725341797,390300,99.63999938964844,98.81999969482422,98.81999969482422
28-09-2021,95.75,98.12000274658203,284100,98.80000305175781,96.62999725341797,96.62999725341797
29-09-2021,95.58000183105469,97.80999755859375,228100,98.80000305175781,96.83000183105469,96.83000183105469
30-09-2021,88.77999877929688,95.87999725341797,587200,96.91000366210938,88.87000274658203,88.87000274658203
01-10-2021,87.08000183105469,89.37999725341797,621200,91.66000366210938,90.63999938964844,90.63999938964844
04-10-2021,87.53399658203125,89.88999938964844,325000,90.98999786376953,90.5999984741211,90.5999984741211
05-10-2021,90.76000213623047,90.76000213623047,361300,95.27999877929688,92.70999908447266,92.70999908447266
06-10-2021,90.55000305175781,91.16000366210938,317500,93.47000122070312,92.87999725341797,92.87999725341797
07-10-2021,93.9800033569336,94.29000091552734,452600,97.0199966430664,95.88999938964844,95.88999938964844
08-10-2021,94.88999938964844,95.80999755859375,186400,97.4800033569336,95.16999816894531,95.16999816894531
11-10-2021,93.30999755859375,94.80999755859375,229100,95.8499984741211,93.30999755859375,93.30999755859375
12-10-2021,93.76000213623047,94.41000366210938,187200,95.0999984741211,94.33000183105469,94.33000183105469
13-10-2021,92.66000366210938,94.98999786376953,229500,95.12999725341797,93.9000015258789,93.9000015258789
14-10-2021,95.05000305175781,95.13999938964844,224800,96.69100189208984,96.33999633789062,96.33999633789062
15-10-2021,96.41000366210938,98.51000213623047,350600,100.5,96.4800033569336,96.4800033569336
18-10-2021,95.54000091552734,95.97000122070312,189900,98.66999816894531,97.66999816894531,97.66999816894531
19-10-2021,94.7300033569336,98.16000366210938,230900,98.16000366210938,95.44000244140625,95.44000244140625
20-10-2021,95.18000030517578,96.47000122070312,259700,98.7699966430664,95.5199966430664,95.5199966430664
21-10-2021,97.0999984741211,97.11000061035156,638600,103.3949966430664,100.80000305175781,100.80000305175781
22-10-2021,99.4800033569336,100.79000091552734,292600,102.31999969482422,100.98999786376953,100.98999786376953
25-10-2021,99.84500122070312,101.36000061035156,431000,102.66000366210938,100.77999877929688,100.77999877929688
26-10-2021,99.63999938964844,101.0,346000,101.70999908447266,100.7699966430664,100.7699966430664
27-10-2021,99.7300033569336,100.68000030517578,529700,102.26499938964844,100.30999755859375,100.30999755859375
28-10-2021,100.87999725341797,106.19000244140625,1165600,106.93000030517578,102.51000213623047,102.51000213623047
29-10-2021,102.2699966430664,102.2699966430664,560100,104.9000015258789,104.48999786376953,104.48999786376953
01-11-2021,105.31999969482422,105.31999969482422,642500,110.01000213623047,108.18000030517578,108.18000030517578
02-11-2021,107.61000061035156,108.66999816894531,430800,110.37999725341797,109.43000030517578,109.43000030517578
03-11-2021,109.02999877929688,109.02999877929688,458600,114.5199966430664,113.30999755859375,113.30999755859375
04-11-2021,113.5999984741211,113.5999984741211,449700,117.31999969482422,117.29000091552734,117.29000091552734
05-11-2021,116.83000183105469,118.94999694824219,480500,122.05999755859375,117.95999908447266,117.95999908447266
08-11-2021,118.0,118.58000183105469,321100,120.66000366210938,119.12000274658203,119.12000274658203
09-11-2021,118.18000030517578,118.9000015258789,260300,121.12000274658203,120.93000030517578,120.93000030517578
10-11-2021,116.5,120.27999877929688,311700,121.52999877929688,117.6500015258789,117.6500015258789
11-11-2021,117.9000015258789,118.0,187600,120.12999725341797,119.0199966430664,119.0199966430664
12-11-2021,118.62999725341797,119.72000122070312,213300,120.11000061035156,119.44999694824219,119.44999694824219
15-11-2021,118.70999908447266,120.0,275200,121.18000030517578,121.11000061035156,121.11000061035156
16-11-2021,121.3499984741211,121.41999816894531,333400,126.9000015258789,126.62999725341797,126.62999725341797
17-11-2021,124.48999786376953,126.62999725341797,469600,127.51000213623047,127.48999786376953,127.48999786376953
18-11-2021,128.0,129.6999969482422,648600,134.5,130.75,130.75
19-11-2021,126.30000305175781,129.86000061035156,533000,130.88999938964844,126.44999694824219,126.44999694824219
22-11-2021,124.55000305175781,127.48999786376953,437400,131.80999755859375,130.60000610351562,130.60000610351562
23-11-2021,124.80999755859375,128.8300018310547,469500,130.82000732421875,127.44000244140625,127.44000244140625
24-11-2021,122.00199890136719,124.73999786376953,315700,128.5500030517578,128.05999755859375,128.05999755859375
26-11-2021,121.0999984741211,124.33999633789062,323600,124.91000366210938,122.9000015258789,122.9000015258789
29-11-2021,121.93499755859375,126.51000213623047,619300,127.80999755859375,125.93000030517578,125.93000030517578
30-11-2021,120.11000061035156,125.70999908447266,634700,125.9800033569336,122.33999633789062,122.33999633789062
01-12-2021,121.20999908447266,125.87999725341797,594600,126.75,121.27999877929688,121.27999877929688
02-12-2021,120.71499633789062,121.86000061035156,445300,124.9800033569336,122.19999694824219,122.19999694824219
03-12-2021,118.41000366210938,123.0,393600,123.97000122070312,120.06999969482422,120.06999969482422
06-12-2021,118.49600219726562,120.23500061035156,675700,122.66999816894531,121.3499984741211,121.3499984741211
07-12-2021,124.08999633789062,124.08999633789062,385600,130.2899932861328,126.4000015258789,126.4000015258789
08-12-2021,124.9749984741211,126.41000366210938,396300,130.11500549316406,128.49000549316406,128.49000549316406
09-12-2021,126.5999984741211,127.7699966430664,222900,129.72999572753906,126.91000366210938,126.91000366210938
10-12-2021,125.16999816894531,127.91000366210938,445500,130.27999877929688,129.86000061035156,129.86000061035156
13-12-2021,112.9800033569336,130.72999572753906,874400,131.02099609375,115.1500015258789,115.1500015258789
14-12-2021,111.5,113.75,694100,120.79499816894531,119.38999938964844,119.38999938964844
15-12-2021,116.5250015258789,119.19000244140625,707200,120.80000305175781,120.16000366210938,120.16000366210938
16-12-2021,112.33000183105469,122.0199966430664,748900,123.0,113.41000366210938,113.41000366210938
17-12-2021,108.16000366210938,110.62999725341797,1229900,113.16999816894531,112.30000305175781,112.30000305175781
20-12-2021,104.25,109.44000244140625,938100,109.54000091552734,105.26000213623047,105.26000213623047
21-12-2021,108.34500122070312,108.7300033569336,649200,113.01000213623047,112.76000213623047,112.76000213623047
22-12-2021,111.63999938964844,112.29000091552734,271600,115.69999694824219,115.62999725341797,115.62999725341797
23-12-2021,114.1989974975586,116.51000213623047,242800,117.1500015258789,116.83000183105469,116.83000183105469
27-12-2021,117.0,117.5999984741211,491900,123.78500366210938,123.58999633789062,123.58999633789062
28-12-2021,121.36000061035156,122.3499984741211,413200,124.9800033569336,122.63999938964844,122.63999938964844
29-12-2021,122.33999633789062,122.72000122070312,232500,126.37000274658203,125.33000183105469,125.33000183105469
30-12-2021,123.91000366210938,124.5199966430664,294800,127.16999816894531,125.16999816894531,125.16999816894531
31-12-2021,121.51000213623047,124.30999755859375,283600,125.91000366210938,123.05000305175781,123.05000305175781
03-01-2022,121.93000030517578,124.2699966430664,311700,126.69499969482422,122.36000061035156,122.36000061035156
04-01-2022,119.18000030517578,122.55000305175781,525200,124.0199966430664,122.5,122.5
05-01-2022,117.69000244140625,122.29000091552734,375600,125.80999755859375,117.95999908447266,117.95999908447266
06-01-2022,116.41999816894531,118.5250015258789,348900,122.70999908447266,121.0999984741211,121.0999984741211
07-01-2022,118.06999969482422,123.38999938964844,1024000,126.5999984741211,121.81999969482422,121.81999969482422
10-01-2022,109.04000091552734,120.33999633789062,896600,120.51000213623047,114.05999755859375,114.05999755859375
11-01-2022,110.93000030517578,114.26000213623047,460600,118.13500213623047,117.86000061035156,117.86000061035156
12-01-2022,113.7300033569336,118.73999786376953,496200,119.47000122070312,113.87000274658203,113.87000274658203
13-01-2022,110.38999938964844,113.86000061035156,499500,114.55500030517578,111.0,111.0
14-01-2022,106.97000122070312,109.0199966430664,500500,112.7300033569336,108.7300033569336,108.7300033569336
18-01-2022,103.19999694824219,106.05999755859375,509800,107.80000305175781,105.56999969482422,105.56999969482422
19-01-2022,104.12000274658203,106.22000122070312,351500,107.66000366210938,104.3499984741211,104.3499984741211
20-01-2022,95.94000244140625,104.5,670500,105.76000213623047,96.48999786376953,96.48999786376953
21-01-2022,92.70999908447266,95.5,823659,96.2699966430664,93.11499786376953,93.11499786376953
